"","cause.x","effect.x","causemeantp0","effectmeantp0","causesdtp0","effectsdtp0","causehabtp0","effecthabtp0","cause_effect","effect.y","cause.y","min","X1st","median","mean","X3rd","max","strength","ratio"
"1","A_compressiceps","A_compressiceps","3.375","3.375","2.1565344944241","3.375","Shrimp_feeder","Shrimp_feeder","A_compressiceps_A_compressiceps","A_compressiceps","A_compressiceps","-0.259769809193993","-0.0736362903475106","-5.50549106260777e-05","-0.0231503011168998","0.0546017047713085","0.1956105875203","negative","0.5"
"2","A_compressiceps","J_ornatus","3.375","23.275","2.1565344944241","16.4970665613073","Shrimp_feeder","Sponge_feeder","A_compressiceps_J_ornatus","J_ornatus","A_compressiceps","-0.379552792866362","0.152631957599687","0.474863668740031","0.705321333208971","1.13234171881702","2.73408921480736","positive","0.815789473684211"
"3","A_compressiceps","N_fasciatus","3.375","64.1","2.1565344944241","16.6576385804508","Shrimp_feeder","Shrimp_feeder","A_compressiceps_N_fasciatus","N_fasciatus","A_compressiceps","-0.291749192333922","0.0232836380609411","0.168129473136947","0.143542022590601","0.280077366333847","0.489222653351216","positive","0.763157894736842"
"4","A_compressiceps","O_ventralis","3.375","77.95","2.1565344944241","37.3925469058015","Shrimp_feeder","Detritus_feeder","A_compressiceps_O_ventralis","O_ventralis","A_compressiceps","-0.466613814590373","-0.231525487708213","-0.11134969630356","-0.0754990537821401","0.0833763124712539","0.338388403957122","negative","0.657894736842105"
"5","A_dewindti","A_dewindti","32.8","32.8","34.4563640803992","32.8","Detritus_feeder","Detritus_feeder","A_dewindti_A_dewindti","A_dewindti","A_dewindti","0.0275643042335236","0.110133065294005","0.154454761844738","0.15449614787151","0.176725486243916","0.444362101782503","positive","1"
"6","A_dewindti","I_loocki","32.8","19.7","34.4563640803992","15.8214395273612","Detritus_feeder","Unicellular_algae_feeder","A_dewindti_I_loocki","I_loocki","A_dewindti","-0.603405600685737","-0.316463037879908","-0.222624229000578","-0.231685976100236","-0.143044515612534","0.0914477260150248","negative","0.973684210526316"
"7","A_dewindti","L_callipterus","32.8","11.55","34.4563640803992","10.652915816086","Detritus_feeder","Shrimp_feeder","A_dewindti_L_callipterus","L_callipterus","A_dewindti","-0.723548400719313","-0.141271400784844","0.0897223139502962","0.235296771684575","0.461317939585451","2.31509632627562","positive","0.552631578947368"
"8","A_dewindti","L_lemairii","32.8","3.125","34.4563640803992","2.31148193113178","Detritus_feeder","Fish_feeder","A_dewindti_L_lemairii","L_lemairii","A_dewindti","-7.20518542695341","-0.623573724595267","1.11769148464656","1.34227289287882","3.29047572478645","8.05247128198013","positive","0.631578947368421"
"9","A_dewindti","N_fasciatus","32.8","64.1","34.4563640803992","16.6576385804508","Detritus_feeder","Shrimp_feeder","A_dewindti_N_fasciatus","N_fasciatus","A_dewindti","-1.11990031363902","-0.347003910305686","0.0416773466640499","-0.122269701403292","0.147467820045541","0.384384507354646","negative","0.552631578947368"
"10","A_dewindti","N_sexfasciatus","32.8","3.825","34.4563640803992","4.01208111480748","Detritus_feeder","Zoobenthos_feeder","A_dewindti_N_sexfasciatus","N_sexfasciatus","A_dewindti","-0.171817494312742","0.0317661926519359","0.131184233009681","0.112113234530357","0.201063238257837","0.56542638382316","positive","0.763157894736842"
"11","A_dewindti","O_ventralis","32.8","77.95","34.4563640803992","37.3925469058015","Detritus_feeder","Detritus_feeder","A_dewindti_O_ventralis","O_ventralis","A_dewindti","-0.110985915298169","0.103395387976858","0.220223157921336","0.192526408159696","0.280102274458189","0.384871745623967","positive","0.947368421052632"
"12","A_dewindti","P_microlepis","32.8","30.975","34.4563640803992","18.5810594216468","Detritus_feeder","Scale_feeder","A_dewindti_P_microlepis","P_microlepis","A_dewindti","-1.55826844050919","-0.613927801688048","-0.301686929213712","-0.345332974492838","-0.113870442504467","1.35476162384553","negative","0.868421052631579"
"13","A_dewindti","P_trewavasae","32.8","24.675","34.4563640803992","8.13472297922418","Detritus_feeder","Unicellular_algae_feeder","A_dewindti_P_trewavasae","P_trewavasae","A_dewindti","-5.57175860257285","-1.98144518370359","-0.180864172477329","-0.67114898528228","0.613946110198632","2.71643457366478","negative","0.605263157894737"
"14","A_dewindti","T_vittatus","32.8","159.55","34.4563640803992","47.1908020155601","Detritus_feeder","Filamentous_algae_feeder","A_dewindti_T_vittatus","T_vittatus","A_dewindti","-0.295373393424975","0.0801985505954679","0.20140116929973","0.179631531588015","0.31061274031119","0.498503646385447","positive","0.868421052631579"
"15","G_pfefferi","A_compressiceps","7.5","3.375","4.58537250674806","3.375","Shrimp_feeder","Shrimp_feeder","G_pfefferi_A_compressiceps","A_compressiceps","G_pfefferi","-0.0394952723558439","0.0926074634146526","0.221321284993188","0.20184962777903","0.295784773008535","0.471777179588461","positive","0.947368421052632"
"16","G_pfefferi","G_pfefferi","7.5","7.5","4.58537250674806","4.58537250674806","Shrimp_feeder","Shrimp_feeder","G_pfefferi_G_pfefferi","G_pfefferi","G_pfefferi","-7.28777784808674","-1.15552708973478","0.0573551985482929","-0.0544795757107416","0.82221865075531","4.27935271978859","negative","0.5"
"17","G_pfefferi","L_dardennii","7.5","9.75","4.58537250674806","6.99358680579975","Shrimp_feeder","Unicellular_algae_feeder","G_pfefferi_L_dardennii","L_dardennii","G_pfefferi","-5.22678865522426","-1.38827690708235","-0.0458667553718149","-0.251255218821848","0.88209173625228","5.04463540102745","negative","0.5"
"18","G_pfefferi","L_elongatus","7.5","12.325","4.58537250674806","10.4375738904186","Shrimp_feeder","Fish_feeder","G_pfefferi_L_elongatus","L_elongatus","G_pfefferi","-1.08211568723947","0.122835183448745","0.758078150306404","1.14405471412877","1.85473277708733","5.92039094148081","positive","0.789473684210526"
"19","G_pfefferi","N_sexfasciatus","7.5","3.825","4.58537250674806","4.01208111480748","Shrimp_feeder","Zoobenthos_feeder","G_pfefferi_N_sexfasciatus","N_sexfasciatus","G_pfefferi","-0.474527508566286","-0.00191808682724097","0.128721277037588","0.0679967613599496","0.221143320869352","0.422175702629018","positive","0.736842105263158"
"20","G_pfefferi","O_ventralis","7.5","77.95","4.58537250674806","37.3925469058015","Shrimp_feeder","Detritus_feeder","G_pfefferi_O_ventralis","O_ventralis","G_pfefferi","0.134466411908487","0.384464575625525","0.445792898906592","0.541492825844446","0.726647277639235","1.00362874992348","positive","1"
"21","G_pfefferi","P_microlepis","7.5","30.975","4.58537250674806","18.5810594216468","Shrimp_feeder","Scale_feeder","G_pfefferi_P_microlepis","P_microlepis","G_pfefferi","-1.33744027334622","-0.156142559330394","0.042822624553454","0.0320170558547841","0.323608695306976","1.41212184399964","positive","0.552631578947368"
"22","H_microlepis","H_microlepis","4.75","4.75","8.86002257333467","8.86002257333467","Fry_feeder","Fry_feeder","H_microlepis_H_microlepis","H_microlepis","H_microlepis","0.526521314676212","0.546449900464499","0.547881382676636","0.556871677292819","0.554152857080142","0.716835976950039","positive","1"
"23","H_microlepis","Paracyprichromisspp","4.75","54.325","8.86002257333467","88.0132238024637","Fry_feeder","Zooplankton_feeder","H_microlepis_Paracyprichromisspp","Paracyprichromisspp","H_microlepis","-0.362661087574958","-0.289867465264619","-0.281178657138501","-0.280465819799648","-0.277596074383828","-0.0714862633526056","negative","1"
"24","I_loocki","A_dewindti","19.7","32.8","15.8214395273612","32.8","Unicellular_algae_feeder","Detritus_feeder","I_loocki_A_dewindti","A_dewindti","I_loocki","0.222856869207546","0.341073960691452","0.386558563693253","0.388169908547536","0.419277026592144","0.785783514855504","positive","1"
"25","I_loocki","I_loocki","19.7","19.7","15.8214395273612","15.8214395273612","Unicellular_algae_feeder","Unicellular_algae_feeder","I_loocki_I_loocki","I_loocki","I_loocki","0.234686133630384","0.335427115564053","0.50021789813214","0.53256972391845","0.728936964770118","0.901639939545311","positive","1"
"26","I_loocki","N_fasciatus","19.7","64.1","15.8214395273612","16.6576385804508","Unicellular_algae_feeder","Shrimp_feeder","I_loocki_N_fasciatus","N_fasciatus","I_loocki","-0.509446242430507","-0.0483848239372386","0.117358505620794","0.124767745681","0.312672300762846","0.57610992211908","positive","0.684210526315789"
"27","I_loocki","O_ventralis","19.7","77.95","15.8214395273612","37.3925469058015","Unicellular_algae_feeder","Detritus_feeder","I_loocki_O_ventralis","O_ventralis","I_loocki","-0.808591612419095","-0.520359162770799","-0.380224626781697","-0.370074785450009","-0.23613828785317","0.0194425523529722","negative","0.973684210526316"
"28","I_loocki","T_moorii","19.7","72.425","15.8214395273612","25.720277842739","Unicellular_algae_feeder","Filamentous_algae_feeder","I_loocki_T_moorii","T_moorii","I_loocki","-0.618778235347742","-0.434034506512369","-0.24058063370514","-0.251802203565491","-0.101156801057838","0.143265567733663","negative","0.842105263157895"
"29","J_ornatus","A_dewindti","23.275","32.8","16.4970665613073","32.8","Sponge_feeder","Detritus_feeder","J_ornatus_A_dewindti","A_dewindti","J_ornatus","-0.445788684852123","-0.0383979366525452","0.097404105179716","0.131989199971321","0.275910713954411","0.817005546220115","positive","0.736842105263158"
"30","J_ornatus","J_ornatus","23.275","23.275","16.4970665613073","16.4970665613073","Sponge_feeder","Sponge_feeder","J_ornatus_J_ornatus","J_ornatus","J_ornatus","-5.23398619931126","-1.09340646302026","-0.301129735292339","-0.734134901715629","0.16518484806202","1.01917211735838","negative","0.657894736842105"
"31","J_ornatus","L_callipterus","23.275","11.55","16.4970665613073","10.652915816086","Sponge_feeder","Shrimp_feeder","J_ornatus_L_callipterus","L_callipterus","J_ornatus","-1.14185434674291","-0.154103562130027","0.246515667189166","0.240757808991224","0.46145547691875","1.60855503651614","positive","0.631578947368421"
"32","J_ornatus","N_fasciatus","23.275","64.1","16.4970665613073","16.6576385804508","Sponge_feeder","Shrimp_feeder","J_ornatus_N_fasciatus","N_fasciatus","J_ornatus","-0.85392521021053","0.00507760315416179","0.416614042917404","0.379350886993734","0.698889606535418","1.60784851674701","positive","0.736842105263158"
"33","J_ornatus","N_sexfasciatus","23.275","3.825","16.4970665613073","4.01208111480748","Sponge_feeder","Zoobenthos_feeder","J_ornatus_N_sexfasciatus","N_sexfasciatus","J_ornatus","-0.858761359054762","0.0383576634780368","0.177905385706784","0.120696660169729","0.284522503531012","0.698113775867104","positive","0.815789473684211"
"34","J_ornatus","O_ventralis","23.275","77.95","16.4970665613073","37.3925469058015","Sponge_feeder","Detritus_feeder","J_ornatus_O_ventralis","O_ventralis","J_ornatus","-0.536461124926721","-0.0122633243936278","0.137227543803589","0.172706374708867","0.442237696638512","0.738186712402996","positive","0.736842105263158"
"35","J_ornatus","P_microlepis","23.275","30.975","16.4970665613073","18.5810594216468","Sponge_feeder","Scale_feeder","J_ornatus_P_microlepis","P_microlepis","J_ornatus","-1.63599609339041","-0.534308573982867","-0.0718448045923676","-0.213500180614341","0.0973099218838473","1.0452336924214","negative","0.605263157894737"
"36","J_ornatus","T_moorii","23.275","72.425","16.4970665613073","25.720277842739","Sponge_feeder","Filamentous_algae_feeder","J_ornatus_T_moorii","T_moorii","J_ornatus","-0.343108893100777","-0.0286095244549658","0.126422979075686","0.109758958164604","0.176898030786642","0.950643617496662","positive","0.710526315789474"
"37","J_ornatus","T_vittatus","23.275","159.55","16.4970665613073","47.1908020155601","Sponge_feeder","Filamentous_algae_feeder","J_ornatus_T_vittatus","T_vittatus","J_ornatus","-0.532270593335131","0.020151539016363","0.192039481791422","0.268238698735947","0.510009807109067","1.10612494988943","positive","0.842105263157895"
"38","L_attenuatus","L_attenuatus","3.775","3.775","6.14144182519933","6.14144182519933","Fry_feeder","Fry_feeder","L_attenuatus_L_attenuatus","L_attenuatus","L_attenuatus","-1.19413907009544","-0.142449530663522","0.201415447948175","0.49566610192627","1.29094065128947","2.47464677131304","positive","0.657894736842105"
"39","L_attenuatus","L_callipterus","3.775","11.55","6.14144182519933","10.652915816086","Fry_feeder","Shrimp_feeder","L_attenuatus_L_callipterus","L_callipterus","L_attenuatus","-1.29328213216419","0.0609296867927929","0.621308703080359","0.583600187319338","0.945948837153285","2.40288217673534","positive","0.763157894736842"
"40","L_attenuatus","L_labiatus","3.775","9.95","6.14144182519933","3.29685164501389","Fry_feeder","Zoobenthos_feeder","L_attenuatus_L_labiatus","L_labiatus","L_attenuatus","-6.15878730308981","-1.42271542349909","0.316369056984817","0.145024387012197","2.00206296302809","10.2657321124249","positive","0.657894736842105"
"41","L_attenuatus","L_tanganicanus","3.775","36.625","6.14144182519933","35.7962091532552","Fry_feeder","Unicellular_algae_feeder","L_attenuatus_L_tanganicanus","L_tanganicanus","L_attenuatus","-0.0233981556177138","0.998019711572575","1.48754562315923","1.30396641187902","1.68159239041583","1.97816055959034","positive","0.973684210526316"
"42","L_attenuatus","X_papilio","3.775","5.575","6.14144182519933","3.29636551993641","Fry_feeder","Filamentous_algae_feeder","L_attenuatus_X_papilio","X_papilio","L_attenuatus","-1.03979636335475","0.847603943211868","1.59101128313173","1.54138209034653","1.79978450222961","4.25160674547729","positive","0.947368421052632"
"43","L_callipterus","A_compressiceps","11.55","3.375","10.652915816086","3.375","Shrimp_feeder","Shrimp_feeder","L_callipterus_A_compressiceps","A_compressiceps","L_callipterus","0.119071439975513","0.511016826624424","0.615939180190241","0.613829714449311","0.684267551855624","1.04970071298034","positive","1"
"44","L_callipterus","I_loocki","11.55","19.7","10.652915816086","15.8214395273612","Shrimp_feeder","Unicellular_algae_feeder","L_callipterus_I_loocki","I_loocki","L_callipterus","-0.762854345612185","-0.498227323299462","-0.342408500333922","-0.355427006352651","-0.210032317681959","0.00966819572961737","negative","0.973684210526316"
"45","L_callipterus","L_callipterus","11.55","11.55","10.652915816086","10.652915816086","Shrimp_feeder","Shrimp_feeder","L_callipterus_L_callipterus","L_callipterus","L_callipterus","-0.865467164413395","0.0852072912827507","0.438825044337513","0.475113317654814","0.808887437806343","2.06127352512279","positive","0.789473684210526"
"46","L_callipterus","L_dardennii","11.55","9.75","10.652915816086","6.99358680579975","Shrimp_feeder","Unicellular_algae_feeder","L_callipterus_L_dardennii","L_dardennii","L_callipterus","-5.66651021853534","-0.693583793109846","0.219850858685938","0.166786453679432","0.712441656200677","8.2980052739593","positive","0.552631578947368"
"47","L_callipterus","L_tanganicanus","11.55","36.625","10.652915816086","35.7962091532552","Shrimp_feeder","Unicellular_algae_feeder","L_callipterus_L_tanganicanus","L_tanganicanus","L_callipterus","-0.297113508063695","-0.106189847446172","0.0741130297317021","0.103512880123563","0.264023234059334","0.7880091362865","positive","0.578947368421053"
"48","L_callipterus","N_fasciatus","11.55","64.1","10.652915816086","16.6576385804508","Shrimp_feeder","Shrimp_feeder","L_callipterus_N_fasciatus","N_fasciatus","L_callipterus","-1.25498333266097","-0.304972082427253","0.044500596196402","-0.0750890078596965","0.244941869034219","0.709616446235158","negative","0.552631578947368"
"49","L_callipterus","O_ventralis","11.55","77.95","10.652915816086","37.3925469058015","Shrimp_feeder","Detritus_feeder","L_callipterus_O_ventralis","O_ventralis","L_callipterus","-0.644613051195102","-0.355186440374823","-0.209886010701776","-0.207530566035657","-0.0998266113053426","0.283339759390572","negative","0.789473684210526"
"50","L_callipterus","P_microlepis","11.55","30.975","10.652915816086","18.5810594216468","Shrimp_feeder","Scale_feeder","L_callipterus_P_microlepis","P_microlepis","L_callipterus","-2.03678050263057","-0.714731919531484","-0.348400213791942","-0.407400030995674","0.0308575006662723","0.653141674015278","negative","0.736842105263158"
"51","L_callipterus","T_moorii","11.55","72.425","10.652915816086","25.720277842739","Shrimp_feeder","Filamentous_algae_feeder","L_callipterus_T_moorii","T_moorii","L_callipterus","-0.208448124607182","0.193507499403742","0.322009608040173","0.362487938390316","0.484263150723526","0.923599903190076","positive","0.921052631578947"
"52","L_callipterus","X_papilio","11.55","5.575","10.652915816086","3.29636551993641","Shrimp_feeder","Filamentous_algae_feeder","L_callipterus_X_papilio","X_papilio","L_callipterus","-2.85907321769447","-0.975909245689171","-0.352587374903112","-0.488084155109403","-0.0229952532508114","0.943806561543228","negative","0.763157894736842"
"53","L_dardennii","A_dewindti","9.75","32.8","6.99358680579975","32.8","Unicellular_algae_feeder","Detritus_feeder","L_dardennii_A_dewindti","A_dewindti","L_dardennii","0.12444068043057","0.230085769665929","0.273924074737946","0.263352916435333","0.317277009367756","0.382140713240232","positive","1"
"54","L_dardennii","L_dardennii","9.75","9.75","6.99358680579975","6.99358680579975","Unicellular_algae_feeder","Unicellular_algae_feeder","L_dardennii_L_dardennii","L_dardennii","L_dardennii","-3.55978769610253","-0.500198928128878","0.193448907647189","0.313886112646421","0.901021340483538","7.73343882939066","positive","0.552631578947368"
"55","L_dardennii","L_tanganicanus","9.75","36.625","6.99358680579975","35.7962091532552","Unicellular_algae_feeder","Unicellular_algae_feeder","L_dardennii_L_tanganicanus","L_tanganicanus","L_dardennii","-0.389438570574203","-0.171412492793395","-0.0350764351374763","-0.0387500372666878","0.12198796406449","0.331172450845125","negative","0.657894736842105"
"56","L_dardennii","T_vittatus","9.75","159.55","6.99358680579975","47.1908020155601","Unicellular_algae_feeder","Filamentous_algae_feeder","L_dardennii_T_vittatus","T_vittatus","L_dardennii","-0.294099618648182","-0.0988731124491503","0.117983727210824","0.0891902176551237","0.234731199343335","0.452373428143783","positive","0.657894736842105"
"57","L_dardennii","V_moorii","9.75","129.15","6.99358680579975","30.6406383410777","Unicellular_algae_feeder","Microfilamentous_algae_feeder","L_dardennii_V_moorii","V_moorii","L_dardennii","-2.47276631368036","-1.15321369611758","-0.701555482114027","-0.640573277969188","0.134345136371643","0.737153200422789","negative","0.710526315789474"
"58","L_elongatus","L_elongatus","12.325","12.325","10.4375738904186","10.4375738904186","Fish_feeder","Fish_feeder","L_elongatus_L_elongatus","L_elongatus","L_elongatus","-5.37933031004578","-1.50190590591448","-0.823424923610066","-1.09178004758545","-0.112191776729537","0.781538930370063","negative","0.789473684210526"
"59","L_elongatus","T_temporalis","12.325","6.825","10.4375738904186","5.41549296948709","Fish_feeder","Filamentous_algae_feeder","L_elongatus_T_temporalis","T_temporalis","L_elongatus","-4.79022697364683","-1.69255960194568","-0.365358918015342","-0.361401657557094","0.467018311349898","5.8330654283102","negative","0.578947368421053"
"60","L_elongatus","V_moorii","12.325","129.15","10.4375738904186","30.6406383410777","Fish_feeder","Microfilamentous_algae_feeder","L_elongatus_V_moorii","V_moorii","L_elongatus","-2.55649684644273","-0.835978488546125","-0.232823238485074","-0.347356226740901","0.142253594850861","1.48776363422976","negative","0.657894736842105"
"61","L_labiatus","A_compressiceps","9.95","3.375","3.29685164501389","3.375","Zoobenthos_feeder","Shrimp_feeder","L_labiatus_A_compressiceps","A_compressiceps","L_labiatus","-0.213545370261963","-0.118173618910661","-0.0470188594311261","-0.0511810532970623","0.00112056707138108","0.261612773746949","negative","0.736842105263158"
"62","L_labiatus","L_labiatus","9.95","9.95","3.29685164501389","3.29685164501389","Zoobenthos_feeder","Zoobenthos_feeder","L_labiatus_L_labiatus","L_labiatus","L_labiatus","-4.70666499925703","-1.98622938470172","0.327994124473239","-0.351721303120415","1.11575130210575","2.48536931162459","negative","0.578947368421053"
"63","L_labiatus","T_moorii","9.95","72.425","3.29685164501389","25.720277842739","Zoobenthos_feeder","Filamentous_algae_feeder","L_labiatus_T_moorii","T_moorii","L_labiatus","-0.520745176953854","-0.360172732721513","-0.320495757549938","-0.300010435270483","-0.258449139473249","-0.0445435223723013","negative","1"
"64","L_lemairii","L_lemairii","3.125","3.125","2.31148193113178","2.31148193113178","Fish_feeder","Fish_feeder","L_lemairii_L_lemairii","L_lemairii","L_lemairii","-2.88505752226475","-0.0611094835458712","0.47775032576298","0.676792235142157","1.88656763425549","2.98057846871901","positive","0.710526315789474"
"65","L_lemairii","Paracyprichromisspp","3.125","54.325","2.31148193113178","88.0132238024637","Fish_feeder","Zooplankton_feeder","L_lemairii_Paracyprichromisspp","Paracyprichromisspp","L_lemairii","-0.138261536137001","-0.0960287375562056","-0.0880948471067024","-0.0880131108390974","-0.083912834224997","-0.0214902942807881","negative","1"
"66","L_tanganicanus","I_loocki","36.625","19.7","35.7962091532552","15.8214395273612","Unicellular_algae_feeder","Unicellular_algae_feeder","L_tanganicanus_I_loocki","I_loocki","L_tanganicanus","-0.287578680697581","0.161706991114979","0.261678836166705","0.256030728722033","0.402210516059224","0.751916223659232","positive","0.842105263157895"
"67","L_tanganicanus","L_tanganicanus","36.625","36.625","35.7962091532552","35.7962091532552","Unicellular_algae_feeder","Unicellular_algae_feeder","L_tanganicanus_L_tanganicanus","L_tanganicanus","L_tanganicanus","-0.975159507958527","-0.799071964875621","-0.700785805776027","-0.677608403198475","-0.570176546647539","-0.292195941495917","negative","1"
"68","L_tanganicanus","P_microlepis","36.625","30.975","35.7962091532552","18.5810594216468","Unicellular_algae_feeder","Scale_feeder","L_tanganicanus_P_microlepis","P_microlepis","L_tanganicanus","-1.66464293001362","-0.23950363400281","0.0905688391348174","0.0645202559769781","0.508800151604328","0.825516939913909","positive","0.552631578947368"
"69","L_tanganicanus","P_polyodon","36.625","7.825","35.7962091532552","4.38463225367875","Unicellular_algae_feeder","Unicellular_algae_feeder","L_tanganicanus_P_polyodon","P_polyodon","L_tanganicanus","-2.55381449913518","-0.216437637289088","0.0160844234899135","0.241895910022561","0.813662001924851","2.78122042078144","positive","0.5"
"70","L_tanganicanus","T_moorii","36.625","72.425","35.7962091532552","25.720277842739","Unicellular_algae_feeder","Filamentous_algae_feeder","L_tanganicanus_T_moorii","T_moorii","L_tanganicanus","-0.589971366439556","-0.423853999913572","-0.277919036820647","-0.303002509196455","-0.222462955799328","0.0979386820356077","negative","0.921052631578947"
"71","N_fasciatus","A_dewindti","64.1","32.8","16.6576385804508","32.8","Shrimp_feeder","Detritus_feeder","N_fasciatus_A_dewindti","A_dewindti","N_fasciatus","-0.225354717726018","-0.033369754228579","0.102682920029434","0.0941001347699713","0.220157437036851","0.35094374723104","positive","0.736842105263158"
"72","N_fasciatus","I_loocki","64.1","19.7","16.6576385804508","15.8214395273612","Shrimp_feeder","Unicellular_algae_feeder","N_fasciatus_I_loocki","I_loocki","N_fasciatus","-0.515437691723038","-0.31079377696811","-0.227728151430802","-0.21794213997549","-0.167860567518316","0.132302986450378","negative","0.894736842105263"
"73","N_fasciatus","N_fasciatus","64.1","64.1","16.6576385804508","16.6576385804508","Shrimp_feeder","Shrimp_feeder","N_fasciatus_N_fasciatus","N_fasciatus","N_fasciatus","-0.907552575949791","-0.173298682527946","0.154557884120057","0.0610579221007405","0.339187580605099","0.617823331832559","positive","0.657894736842105"
"74","N_fasciatus","O_ventralis","64.1","77.95","16.6576385804508","37.3925469058015","Shrimp_feeder","Detritus_feeder","N_fasciatus_O_ventralis","O_ventralis","N_fasciatus","-1.02376520118412","-0.657531257049003","-0.284568473534018","-0.380998077707403","-0.125153022116362","0.0880378095405108","negative","0.921052631578947"
"75","N_fasciatus","P_microlepis","64.1","30.975","16.6576385804508","18.5810594216468","Shrimp_feeder","Scale_feeder","N_fasciatus_P_microlepis","P_microlepis","N_fasciatus","-0.610344003181227","-0.386502503834571","-0.13012209775661","0.104477061743845","0.489169585973113","1.86085256486914","positive","0.578947368421053"
"76","N_fasciatus","S_multipunctatus","64.1","5.275","16.6576385804508","4.65192267942886","Shrimp_feeder","Microfilamentous_algae_feeder","N_fasciatus_S_multipunctatus","S_multipunctatus","N_fasciatus","-1.96245301725722","-0.996221504284033","-0.305806606497785","-0.389732437757891","0.156036068051633","1.10190630818584","negative","0.578947368421053"
"77","N_fasciatus","T_moorii","64.1","72.425","16.6576385804508","25.720277842739","Shrimp_feeder","Filamentous_algae_feeder","N_fasciatus_T_moorii","T_moorii","N_fasciatus","-0.350005292446473","-0.207048148074989","-0.086626922417624","-0.0600444071495529","0.0961108125297877","0.343374166385018","negative","0.684210526315789"
"78","N_fasciatus","T_vittatus","64.1","159.55","16.6576385804508","47.1908020155601","Shrimp_feeder","Filamentous_algae_feeder","N_fasciatus_T_vittatus","T_vittatus","N_fasciatus","-0.561235523495478","-0.109874944531861","0.066289829372768","0.0373204123866842","0.252944738533183","0.410097582192715","positive","0.631578947368421"
"79","N_fasciatus","X_papilio","64.1","5.575","16.6576385804508","3.29636551993641","Shrimp_feeder","Filamentous_algae_feeder","N_fasciatus_X_papilio","X_papilio","N_fasciatus","-1.64728748821273","-0.602611368180874","0.145648711912461","-0.0450757365917427","0.658011424759286","1.42928114926836","negative","0.526315789473684"
"80","N_sexfasciatus","A_compressiceps","3.825","3.375","4.01208111480748","3.375","Zoobenthos_feeder","Shrimp_feeder","N_sexfasciatus_A_compressiceps","A_compressiceps","N_sexfasciatus","-0.129800350801252","0.261009732669546","0.377457478165507","0.33712998593915","0.430439278392084","0.739328520578452","positive","0.921052631578947"
"81","N_sexfasciatus","A_dewindti","3.825","32.8","4.01208111480748","32.8","Zoobenthos_feeder","Detritus_feeder","N_sexfasciatus_A_dewindti","A_dewindti","N_sexfasciatus","-0.150746794123593","-0.112765899582784","-0.0616690613424852","-0.0289476769418285","0.0179584268175316","0.29827607324246","negative","0.657894736842105"
"82","N_sexfasciatus","N_sexfasciatus","3.825","3.825","4.01208111480748","4.01208111480748","Zoobenthos_feeder","Zoobenthos_feeder","N_sexfasciatus_N_sexfasciatus","N_sexfasciatus","N_sexfasciatus","0.0719438132586907","0.471459656588557","0.605813230437189","0.578726166910726","0.731682737325902","0.848097021186842","positive","1"
"83","N_sexfasciatus","O_ventralis","3.825","77.95","4.01208111480748","37.3925469058015","Zoobenthos_feeder","Detritus_feeder","N_sexfasciatus_O_ventralis","O_ventralis","N_sexfasciatus","-0.636225623341599","-0.324709045715568","-0.200627290849537","-0.211950350782072","-0.0871103842946272","0.194839416131526","negative","0.842105263157895"
"84","N_sexfasciatus","S_multipunctatus","3.825","5.275","4.01208111480748","4.65192267942886","Zoobenthos_feeder","Microfilamentous_algae_feeder","N_sexfasciatus_S_multipunctatus","S_multipunctatus","N_sexfasciatus","-0.783264320934657","0.149492866033255","0.647762004138747","0.585006774211184","1.06699893516839","2.0569241495151","positive","0.815789473684211"
"85","N_sexfasciatus","T_moorii","3.825","72.425","4.01208111480748","25.720277842739","Zoobenthos_feeder","Filamentous_algae_feeder","N_sexfasciatus_T_moorii","T_moorii","N_sexfasciatus","-0.305328663947532","0.0326569045465","0.181094940114321","0.156559252616112","0.292934406766782","0.45228137676959","positive","0.763157894736842"
"86","N_sexfasciatus","T_vittatus","3.825","159.55","4.01208111480748","47.1908020155601","Zoobenthos_feeder","Filamentous_algae_feeder","N_sexfasciatus_T_vittatus","T_vittatus","N_sexfasciatus","-0.678215118791378","-0.316561794177176","-0.15155519329965","-0.173879998568898","-0.056775072950828","0.375816624849726","negative","0.789473684210526"
"87","O_ventralis","A_dewindti","77.95","32.8","37.3925469058015","32.8","Detritus_feeder","Detritus_feeder","O_ventralis_A_dewindti","A_dewindti","O_ventralis","-0.574497464933944","-0.395652798819177","-0.327220116309438","-0.332707080625393","-0.276701001453152","-0.129337235154854","negative","1"
"88","O_ventralis","I_loocki","77.95","19.7","37.3925469058015","15.8214395273612","Detritus_feeder","Unicellular_algae_feeder","O_ventralis_I_loocki","I_loocki","O_ventralis","-0.535303640059244","-0.346677332644028","-0.280069429022391","-0.223421446037921","-0.0506860457421838","0.132872173583298","negative","0.815789473684211"
"89","O_ventralis","J_ornatus","77.95","23.275","37.3925469058015","16.4970665613073","Detritus_feeder","Sponge_feeder","O_ventralis_J_ornatus","J_ornatus","O_ventralis","-2.10730713298256","0.0286131495000243","0.460377852174809","0.427952971574233","0.923128220876494","2.27305766546791","positive","0.789473684210526"
"90","O_ventralis","N_fasciatus","77.95","64.1","37.3925469058015","16.6576385804508","Detritus_feeder","Shrimp_feeder","O_ventralis_N_fasciatus","N_fasciatus","O_ventralis","-0.72479612898516","-0.130372489066711","0.159304016903458","0.0970383703600142","0.349997629797562","0.80164375198146","positive","0.684210526315789"
"91","O_ventralis","O_ventralis","77.95","77.95","37.3925469058015","37.3925469058015","Detritus_feeder","Detritus_feeder","O_ventralis_O_ventralis","O_ventralis","O_ventralis","-0.172115824104193","-0.00301560868173088","0.0554249823513674","0.0599769554600134","0.125685564894324","0.305682496453608","positive","0.684210526315789"
"92","O_ventralis","P_microlepis","77.95","30.975","37.3925469058015","18.5810594216468","Detritus_feeder","Scale_feeder","O_ventralis_P_microlepis","P_microlepis","O_ventralis","-0.209052334767534","0.273534145672568","0.570804300736323","0.562769902732456","0.750578557259586","1.49071018337315","positive","0.921052631578947"
"93","O_ventralis","T_moorii","77.95","72.425","37.3925469058015","25.720277842739","Detritus_feeder","Filamentous_algae_feeder","O_ventralis_T_moorii","T_moorii","O_ventralis","-0.186210883107368","-0.047780095567219","-0.00552254801101214","0.0149745133328835","0.0744644608127492","0.274113731624704","positive","0.552631578947368"
"94","O_ventralis","V_moorii","77.95","129.15","37.3925469058015","30.6406383410777","Detritus_feeder","Microfilamentous_algae_feeder","O_ventralis_V_moorii","V_moorii","O_ventralis","-2.72000752177365","-0.676987844870907","0.0552537261774998","-0.226870382021501","0.493973035812323","1.97633943602775","negative","0.526315789473684"
"95","Paracyprichromisspp","A_compressiceps","54.325","3.375","88.0132238024637","3.375","Zooplankton_feeder","Shrimp_feeder","Paracyprichromisspp_A_compressiceps","A_compressiceps","Paracyprichromisspp","-0.269655076815123","0.00505457119409493","0.0662001941339758","0.0739488062264248","0.144695037103034","0.274414531048777","positive","0.789473684210526"
"96","Paracyprichromisspp","N_fasciatus","54.325","64.1","88.0132238024637","16.6576385804508","Zooplankton_feeder","Shrimp_feeder","Paracyprichromisspp_N_fasciatus","N_fasciatus","Paracyprichromisspp","-0.832746419524305","-0.163890337723931","0.0062492847789238","0.0247798268675096","0.304222144314328","0.534624675156701","positive","0.5"
"97","Paracyprichromisspp","Paracyprichromisspp","54.325","54.325","88.0132238024637","88.0132238024637","Zooplankton_feeder","Zooplankton_feeder","Paracyprichromisspp_Paracyprichromisspp","Paracyprichromisspp","Paracyprichromisspp","0.337997349528932","0.623910876149268","0.627556736869206","0.625913301110202","0.637214373091119","0.711206256564125","positive","1"
"98","Paracyprichromisspp","T_moorii","54.325","72.425","88.0132238024637","25.720277842739","Zooplankton_feeder","Filamentous_algae_feeder","Paracyprichromisspp_T_moorii","T_moorii","Paracyprichromisspp","-0.0831100621303751","0.236014115219437","0.394804897618966","0.383055371315532","0.51203099904002","0.81960126079486","positive","0.973684210526316"
"99","P_microlepis","A_compressiceps","30.975","3.375","18.5810594216468","3.375","Scale_feeder","Shrimp_feeder","P_microlepis_A_compressiceps","A_compressiceps","P_microlepis","-0.167799091364404","0.0342239112209117","0.164863813378589","0.162997505332301","0.282092846456863","0.413896724475184","positive","0.842105263157895"
"100","P_microlepis","A_dewindti","30.975","32.8","18.5810594216468","32.8","Scale_feeder","Detritus_feeder","P_microlepis_A_dewindti","A_dewindti","P_microlepis","-0.639669666807568","-0.405875829525022","-0.303994428333106","-0.313793630836357","-0.215290352868757","-0.0537154130323017","negative","1"
"101","P_microlepis","J_ornatus","30.975","23.275","18.5810594216468","16.4970665613073","Scale_feeder","Sponge_feeder","P_microlepis_J_ornatus","J_ornatus","P_microlepis","-3.85139140194671","-0.903092030030813","-0.0837435991261027","-0.280973994186873","0.184648362958989","5.59700365868061","negative","0.526315789473684"
"102","P_microlepis","N_fasciatus","30.975","64.1","18.5810594216468","16.6576385804508","Scale_feeder","Shrimp_feeder","P_microlepis_N_fasciatus","N_fasciatus","P_microlepis","-0.166336406238299","0.089700121432017","0.251010557892936","0.315342588558901","0.528705729006168","1.30902808712053","positive","0.868421052631579"
"103","P_microlepis","N_sexfasciatus","30.975","3.825","18.5810594216468","4.01208111480748","Scale_feeder","Zoobenthos_feeder","P_microlepis_N_sexfasciatus","N_sexfasciatus","P_microlepis","-1.11995371552949","-0.507319719027246","-0.358887809207079","-0.445366829793229","-0.276588162851036","0.0768053855779201","negative","0.973684210526316"
"104","P_microlepis","O_ventralis","30.975","77.95","18.5810594216468","37.3925469058015","Scale_feeder","Detritus_feeder","P_microlepis_O_ventralis","O_ventralis","P_microlepis","-0.306830012297019","-0.118538020073186","-0.0512373679623171","-0.0372579824148888","0.056476894346304","0.27009537509178","negative","0.631578947368421"
"105","P_microlepis","P_microlepis","30.975","30.975","18.5810594216468","18.5810594216468","Scale_feeder","Scale_feeder","P_microlepis_P_microlepis","P_microlepis","P_microlepis","-0.656734989847197","0.123615776849606","0.430678167079005","0.442239801036879","0.728145469351441","1.71836597014526","positive","0.894736842105263"
"106","P_microlepis","P_trewavasae","30.975","24.675","18.5810594216468","8.13472297922418","Scale_feeder","Unicellular_algae_feeder","P_microlepis_P_trewavasae","P_trewavasae","P_microlepis","-3.02876882017926","-1.1987199282338","-0.215509294680267","-0.430345381638452","0.424160654153567","1.44054107467448","negative","0.578947368421053"
"107","P_microlepis","T_moorii","30.975","72.425","18.5810594216468","25.720277842739","Scale_feeder","Filamentous_algae_feeder","P_microlepis_T_moorii","T_moorii","P_microlepis","-0.337896142538957","-0.0403098107515118","0.0613132893514572","0.0720204466916963","0.206572544875283","0.407128120632332","positive","0.631578947368421"
"108","P_polyodon","I_loocki","7.825","19.7","4.38463225367875","15.8214395273612","Unicellular_algae_feeder","Unicellular_algae_feeder","P_polyodon_I_loocki","I_loocki","P_polyodon","-0.515654644742332","-0.277634257785406","-0.151784101345098","-0.134052188548006","-0.0262845472449759","0.305038742947455","negative","0.789473684210526"
"109","P_polyodon","J_ornatus","7.825","23.275","4.38463225367875","16.4970665613073","Unicellular_algae_feeder","Sponge_feeder","P_polyodon_J_ornatus","J_ornatus","P_polyodon","-0.927397187110249","-0.193707728982463","0.372444082440519","0.67581398340441","0.705648780410279","7.45715894892928","positive","0.684210526315789"
"110","P_polyodon","P_polyodon","7.825","7.825","4.38463225367875","4.38463225367875","Unicellular_algae_feeder","Unicellular_algae_feeder","P_polyodon_P_polyodon","P_polyodon","P_polyodon","-0.775945482363015","-0.27695009197899","0.116384804603738","0.015871205396421","0.282437159249658","0.592914933683813","positive","0.552631578947368"
"111","P_trewavasae","A_dewindti","24.675","32.8","8.13472297922418","32.8","Unicellular_algae_feeder","Detritus_feeder","P_trewavasae_A_dewindti","A_dewindti","P_trewavasae","-0.0831610475979174","0.14056109150726","0.178668278410882","0.203329759400196","0.262523018299883","0.47919801951345","positive","0.973684210526316"
"112","P_trewavasae","L_attenuatus","24.675","3.775","8.13472297922418","6.14144182519933","Unicellular_algae_feeder","Fry_feeder","P_trewavasae_L_attenuatus","L_attenuatus","P_trewavasae","-0.435344987376664","-0.0412510416370741","0.274191932924144","0.29455322800228","0.59496453511215","1.35096190080273","positive","0.710526315789474"
"113","P_trewavasae","O_ventralis","24.675","77.95","8.13472297922418","37.3925469058015","Unicellular_algae_feeder","Detritus_feeder","P_trewavasae_O_ventralis","O_ventralis","P_trewavasae","-0.178790535208828","0.000487883461799263","0.0750199941259939","0.0938639157855651","0.189865420361461","0.445027602880889","positive","0.736842105263158"
"114","P_trewavasae","P_trewavasae","24.675","24.675","8.13472297922418","8.13472297922418","Unicellular_algae_feeder","Unicellular_algae_feeder","P_trewavasae_P_trewavasae","P_trewavasae","P_trewavasae","-1.68585899687001","-0.346755248086166","0.386904119007655","0.379970238947392","0.739983536283375","3.8228697156471","positive","0.684210526315789"
"115","P_trewavasae","T_moorii","24.675","72.425","8.13472297922418","25.720277842739","Unicellular_algae_feeder","Filamentous_algae_feeder","P_trewavasae_T_moorii","T_moorii","P_trewavasae","-0.13076554986767","0.0496912601772357","0.142358446621596","0.142881555979307","0.240360141848218","0.394253654585396","positive","0.894736842105263"
"116","S_multipunctatus","N_fasciatus","5.275","64.1","4.65192267942886","16.6576385804508","Microfilamentous_algae_feeder","Shrimp_feeder","S_multipunctatus_N_fasciatus","N_fasciatus","S_multipunctatus","-1.36573765992055","-0.75808382704589","-0.657596479680854","-0.578357329220371","-0.375883311872551","0.153036573004902","negative","0.947368421052632"
"117","S_multipunctatus","N_sexfasciatus","5.275","3.825","4.65192267942886","4.01208111480748","Microfilamentous_algae_feeder","Zoobenthos_feeder","S_multipunctatus_N_sexfasciatus","N_sexfasciatus","S_multipunctatus","-0.728997441474084","-0.304103307740288","-0.182900057168446","-0.217300651069603","-0.0621855931702196","0.132527046430016","negative","0.894736842105263"
"118","S_multipunctatus","S_multipunctatus","5.275","5.275","4.65192267942886","4.65192267942886","Microfilamentous_algae_feeder","Microfilamentous_algae_feeder","S_multipunctatus_S_multipunctatus","S_multipunctatus","S_multipunctatus","-1.11150398481293","-0.49068953296542","-0.150690946213914","-0.0020032054691226","0.310939690701218","1.90554875587525","negative","0.578947368421053"
"119","S_multipunctatus","T_vittatus","5.275","159.55","4.65192267942886","47.1908020155601","Microfilamentous_algae_feeder","Filamentous_algae_feeder","S_multipunctatus_T_vittatus","T_vittatus","S_multipunctatus","-0.324176479946999","-0.0185491377929424","0.129239826053466","0.119681204942446","0.259592081186303","0.486611313625006","positive","0.736842105263158"
"120","T_moorii","A_dewindti","72.425","32.8","25.720277842739","32.8","Filamentous_algae_feeder","Detritus_feeder","T_moorii_A_dewindti","A_dewindti","T_moorii","-0.545179976644438","-0.447901844555113","-0.376314846451635","-0.371608518217264","-0.311083619489964","0.0250547968220453","negative","0.973684210526316"
"121","T_moorii","I_loocki","72.425","19.7","25.720277842739","15.8214395273612","Filamentous_algae_feeder","Unicellular_algae_feeder","T_moorii_I_loocki","I_loocki","T_moorii","-0.410499859005915","-0.203834941157505","-0.107888151466176","-0.0709460567751797","0.0703106875940802","0.30295054083076","negative","0.631578947368421"
"122","T_moorii","L_elongatus","72.425","12.325","25.720277842739","10.4375738904186","Filamentous_algae_feeder","Fish_feeder","T_moorii_L_elongatus","L_elongatus","T_moorii","-1.02380728727552","-0.0330807848659414","0.792194066383249","0.831539872681235","1.65989821743338","3.07069170128503","positive","0.736842105263158"
"123","T_moorii","N_fasciatus","72.425","64.1","25.720277842739","16.6576385804508","Filamentous_algae_feeder","Shrimp_feeder","T_moorii_N_fasciatus","N_fasciatus","T_moorii","-0.413220032233882","0.0495294445677587","0.207512699218519","0.189692919235553","0.37137332006686","0.595572847535101","positive","0.789473684210526"
"124","T_moorii","N_sexfasciatus","72.425","3.825","25.720277842739","4.01208111480748","Filamentous_algae_feeder","Zoobenthos_feeder","T_moorii_N_sexfasciatus","N_sexfasciatus","T_moorii","0.00963022774635952","0.171760997610158","0.27319278764028","0.300549698967567","0.413742483750821","0.750367700390745","positive","1"
"125","T_moorii","T_moorii","72.425","72.425","25.720277842739","25.720277842739","Filamentous_algae_feeder","Filamentous_algae_feeder","T_moorii_T_moorii","T_moorii","T_moorii","0.224388007950833","0.355386343177514","0.404823464044113","0.42582417716771","0.494457105522546","0.663010684734671","positive","1"
"126","T_moorii","V_moorii","72.425","129.15","25.720277842739","30.6406383410777","Filamentous_algae_feeder","Microfilamentous_algae_feeder","T_moorii_V_moorii","V_moorii","T_moorii","-1.98499520807762","-0.625760334496768","0.221381904125153","0.00423038098339615","0.598195915311747","1.23102132185822","positive","0.605263157894737"
"127","T_moorii","X_papilio","72.425","5.575","25.720277842739","3.29636551993641","Filamentous_algae_feeder","Filamentous_algae_feeder","T_moorii_X_papilio","X_papilio","T_moorii","-1.10408501883914","-0.540830742164132","-0.0113509731905329","-0.101700383598735","0.253019629635341","0.899448485841594","negative","0.5"
"128","T_temporalis","L_callipterus","6.825","11.55","5.41549296948709","10.652915816086","Filamentous_algae_feeder","Shrimp_feeder","T_temporalis_L_callipterus","L_callipterus","T_temporalis","-2.1154867815338","-0.3874287778473","0.173886730252032","-0.0111982512516251","0.359968057235922","0.969458344895536","negative","0.605263157894737"
"129","T_temporalis","T_temporalis","6.825","6.825","5.41549296948709","5.41549296948709","Filamentous_algae_feeder","Filamentous_algae_feeder","T_temporalis_T_temporalis","T_temporalis","T_temporalis","-4.04050093189356","-1.32247302197238","-0.21288599138459","-0.421889600425817","0.813922153524926","3.04815856925779","negative","0.578947368421053"
"130","T_vittatus","I_loocki","159.55","19.7","47.1908020155601","15.8214395273612","Filamentous_algae_feeder","Unicellular_algae_feeder","T_vittatus_I_loocki","I_loocki","T_vittatus","-0.754665518534475","-0.169401816487614","0.00453435059707699","-0.00796765757191238","0.247956327604545","0.442648604222568","negative","0.5"
"131","T_vittatus","N_sexfasciatus","159.55","3.825","47.1908020155601","4.01208111480748","Filamentous_algae_feeder","Zoobenthos_feeder","T_vittatus_N_sexfasciatus","N_sexfasciatus","T_vittatus","-0.888115845162779","-0.411864064805282","-0.160306722757422","-0.20921115234339","-0.00511421433490374","0.327620522939573","negative","0.736842105263158"
"132","T_vittatus","P_polyodon","159.55","7.825","47.1908020155601","4.38463225367875","Filamentous_algae_feeder","Unicellular_algae_feeder","T_vittatus_P_polyodon","P_polyodon","T_vittatus","-1.40379498236495","-0.258175090623823","-0.0799517617234225","0.00206856665597693","0.44930103360858","1.08003632103336","positive","0.526315789473684"
"133","T_vittatus","S_multipunctatus","159.55","5.275","47.1908020155601","4.65192267942886","Filamentous_algae_feeder","Microfilamentous_algae_feeder","T_vittatus_S_multipunctatus","S_multipunctatus","T_vittatus","-3.6817358017805","-0.829898176207031","-0.138752241511384","-0.329908662413812","0.12978472284112","2.28366592730366","negative","0.605263157894737"
"134","T_vittatus","T_moorii","159.55","72.425","47.1908020155601","25.720277842739","Filamentous_algae_feeder","Filamentous_algae_feeder","T_vittatus_T_moorii","T_moorii","T_vittatus","-0.478264162092883","0.0258961723571607","0.482393648560353","0.379513159355054","0.758404790893881","1.00290802271997","positive","0.763157894736842"
"135","T_vittatus","T_vittatus","159.55","159.55","47.1908020155601","47.1908020155601","Filamentous_algae_feeder","Filamentous_algae_feeder","T_vittatus_T_vittatus","T_vittatus","T_vittatus","-1.72425710877696","-0.689187741874318","-0.515364430576691","-0.5362393529343","-0.244847169450856","0.0783591569710983","negative","0.921052631578947"
"136","T_vittatus","X_papilio","159.55","5.575","47.1908020155601","3.29636551993641","Filamentous_algae_feeder","Filamentous_algae_feeder","T_vittatus_X_papilio","X_papilio","T_vittatus","-2.19764359742871","-0.770778940480706","-0.515794711678428","-0.39989776625165","-0.136776235121615","1.23672733147157","negative","0.815789473684211"
"137","V_moorii","A_dewindti","129.15","32.8","30.6406383410777","32.8","Microfilamentous_algae_feeder","Detritus_feeder","V_moorii_A_dewindti","A_dewindti","V_moorii","0.21093058646584","0.40307933477066","0.473154378654713","0.50993985814446","0.629920885845541","0.902802372278107","positive","1"
"138","V_moorii","L_elongatus","129.15","12.325","30.6406383410777","10.4375738904186","Microfilamentous_algae_feeder","Fish_feeder","V_moorii_L_elongatus","L_elongatus","V_moorii","-2.53569439936242","-0.867647451782646","-0.206102307291465","-0.161264242782115","0.438361903795751","3.79862784247976","negative","0.605263157894737"
"139","V_moorii","N_sexfasciatus","129.15","3.825","30.6406383410777","4.01208111480748","Microfilamentous_algae_feeder","Zoobenthos_feeder","V_moorii_N_sexfasciatus","N_sexfasciatus","V_moorii","-0.649991842713149","-0.37427292219539","-0.299955270803205","-0.292612280482498","-0.184973996571805","-0.0275205367089237","negative","1"
"140","V_moorii","O_ventralis","129.15","77.95","30.6406383410777","37.3925469058015","Microfilamentous_algae_feeder","Detritus_feeder","V_moorii_O_ventralis","O_ventralis","V_moorii","-0.859411979012446","-0.64073016782996","-0.480411289143572","-0.503843372418889","-0.375120403136619","-0.125668174693151","negative","1"
"141","V_moorii","P_microlepis","129.15","30.975","30.6406383410777","18.5810594216468","Microfilamentous_algae_feeder","Scale_feeder","V_moorii_P_microlepis","P_microlepis","V_moorii","-1.21727117492346","-0.556957132920565","-0.310810829367383","-0.312345243840551","-0.0627035213883161","0.644222243378819","negative","0.763157894736842"
"142","V_moorii","P_polyodon","129.15","7.825","30.6406383410777","4.38463225367875","Microfilamentous_algae_feeder","Unicellular_algae_feeder","V_moorii_P_polyodon","P_polyodon","V_moorii","-0.647773743326423","-0.107939622880736","0.0317020888960935","-0.00379174655608506","0.165171217144761","0.472931083523505","negative","0.552631578947368"
"143","V_moorii","V_moorii","129.15","129.15","30.6406383410777","30.6406383410777","Microfilamentous_algae_feeder","Microfilamentous_algae_feeder","V_moorii_V_moorii","V_moorii","V_moorii","-3.09310760725845","-0.226737378375385","0.216862939488587","0.0801964779284767","0.603425036779694","2.00551096526591","positive","0.657894736842105"
"144","V_moorii","X_papilio","129.15","5.575","30.6406383410777","3.29636551993641","Microfilamentous_algae_feeder","Filamentous_algae_feeder","V_moorii_X_papilio","X_papilio","V_moorii","-0.500055060807414","-0.0772810107603995","0.10965134551221","0.158103506767037","0.387057396269276","1.08718792291388","positive","0.605263157894737"
"145","X_papilio","A_dewindti","5.575","32.8","3.29636551993641","32.8","Filamentous_algae_feeder","Detritus_feeder","X_papilio_A_dewindti","A_dewindti","X_papilio","-0.0138248868016846","0.150612392422275","0.208541083020765","0.21917818397224","0.280529120155104","0.430894358387697","positive","0.973684210526316"
"146","X_papilio","J_ornatus","5.575","23.275","3.29636551993641","16.4970665613073","Filamentous_algae_feeder","Sponge_feeder","X_papilio_J_ornatus","J_ornatus","X_papilio","-1.92744744874542","-0.639268763624594","-0.185831765916388","-0.0826108913341479","0.335138534885015","2.89311652746182","negative","0.605263157894737"
"147","X_papilio","L_elongatus","5.575","12.325","3.29636551993641","10.4375738904186","Filamentous_algae_feeder","Fish_feeder","X_papilio_L_elongatus","L_elongatus","X_papilio","-2.41850060169024","-0.5833273881473","0.11838088657366","0.12814537442608","0.440295313549095","2.6837770656824","positive","0.578947368421053"
"148","X_papilio","P_microlepis","5.575","30.975","3.29636551993641","18.5810594216468","Filamentous_algae_feeder","Scale_feeder","X_papilio_P_microlepis","P_microlepis","X_papilio","-0.5672365628268","-0.247271860075751","-0.00366873132040153","-0.0115793493865051","0.193496309353279","0.495926024645838","negative","0.5"
"149","X_papilio","S_multipunctatus","5.575","5.275","3.29636551993641","4.65192267942886","Filamentous_algae_feeder","Microfilamentous_algae_feeder","X_papilio_S_multipunctatus","S_multipunctatus","X_papilio","-0.86547610082958","-0.0772451310931693","0.171057604782111","0.219655273202155","0.507173472817675","1.30923504324874","positive","0.684210526315789"
"150","X_papilio","T_moorii","5.575","72.425","3.29636551993641","25.720277842739","Filamentous_algae_feeder","Filamentous_algae_feeder","X_papilio_T_moorii","T_moorii","X_papilio","-0.344605886326446","-0.167229028755114","-0.06428174316267","-0.0795314115645386","0.0171637148667576","0.238087472287385","negative","0.736842105263158"
"151","X_papilio","X_papilio","5.575","5.575","3.29636551993641","3.29636551993641","Filamentous_algae_feeder","Filamentous_algae_feeder","X_papilio_X_papilio","X_papilio","X_papilio","-1.36094824255213","-0.410132605849363","-0.0976695638006515","-0.02962116849197","0.262324680136971","1.45332196863269","negative","0.605263157894737"
