"","effect","cause","menas"
"1","A_compressiceps","A_compressiceps","Min.   :-0.259769809193993"
"2","A_compressiceps","A_compressiceps","1st Qu.:-0.0720591716896848"
"3","A_compressiceps","A_compressiceps","Median :0.00278861165465629"
"4","A_compressiceps","A_compressiceps","Mean   :-0.0221048681163543"
"5","A_compressiceps","A_compressiceps","3rd Qu.:0.0459539907848243"
"6","A_compressiceps","A_compressiceps","Max.   :0.1956105875203"
"7","A_compressiceps","G_pfefferi","Min.   :-0.0394952723558439"
"8","A_compressiceps","G_pfefferi","1st Qu.:0.0891615809541079"
"9","A_compressiceps","G_pfefferi","Median :0.220589886521277"
"10","A_compressiceps","G_pfefferi","Mean   :0.199082983530969"
"11","A_compressiceps","G_pfefferi","3rd Qu.:0.291549738250771"
"12","A_compressiceps","G_pfefferi","Max.   :0.471777179588461"
"13","A_compressiceps","L_callipterus","Min.   :0.119071439975513"
"14","A_compressiceps","L_callipterus","1st Qu.:0.500054043242622"
"15","A_compressiceps","L_callipterus","Median :0.611435686821712"
"16","A_compressiceps","L_callipterus","Mean   :0.605450002256874"
"17","A_compressiceps","L_callipterus","3rd Qu.:0.683733783232878"
"18","A_compressiceps","L_callipterus","Max.   :1.04970071298034"
"19","A_compressiceps","L_labiatus","Min.   :-0.213545370261963"
"20","A_compressiceps","L_labiatus","1st Qu.:-0.117565133795762"
"21","A_compressiceps","L_labiatus","Median :-0.0437727118265002"
"22","A_compressiceps","L_labiatus","Mean   :-0.0493388994409863"
"23","A_compressiceps","L_labiatus","3rd Qu.:0.00284200213152368"
"24","A_compressiceps","L_labiatus","Max.   :0.261612773746949"
"25","A_compressiceps","N_sexfasciatus","Min.   :-0.129800350801252"
"26","A_compressiceps","N_sexfasciatus","1st Qu.:0.241626687355998"
"27","A_compressiceps","N_sexfasciatus","Median :0.376738639703118"
"28","A_compressiceps","N_sexfasciatus","Mean   :0.334326895164721"
"29","A_compressiceps","N_sexfasciatus","3rd Qu.:0.42695537226519"
"30","A_compressiceps","N_sexfasciatus","Max.   :0.739328520578452"
"31","A_compressiceps","Paracyprichromisspp","Min.   :-0.269655076815123"
"32","A_compressiceps","Paracyprichromisspp","1st Qu.:0.00146113758774141"
"33","A_compressiceps","Paracyprichromisspp","Median :0.0657348323923697"
"34","A_compressiceps","Paracyprichromisspp","Mean   :0.0716295357389855"
"35","A_compressiceps","Paracyprichromisspp","3rd Qu.:0.143692392554665"
"36","A_compressiceps","Paracyprichromisspp","Max.   :0.274414531048777"
"37","A_compressiceps","P_microlepis","Min.   :-0.167799091364404"
"38","A_compressiceps","P_microlepis","1st Qu.:0.0396195819364712"
"39","A_compressiceps","P_microlepis","Median :0.161397691519299"
"40","A_compressiceps","P_microlepis","Mean   :0.162170323442724"
"41","A_compressiceps","P_microlepis","3rd Qu.:0.27834007973392"
"42","A_compressiceps","P_microlepis","Max.   :0.413896724475184"
"43","J_ornatus","J_ornatus","Min.   :-5.23398619931126"
"44","J_ornatus","J_ornatus","1st Qu.:-1.08762865882841"
"45","J_ornatus","J_ornatus","Median :-0.236966091851789"
"46","J_ornatus","J_ornatus","Mean   :-0.703202706721067"
"47","J_ornatus","J_ornatus","3rd Qu.:0.181360000751626"
"48","J_ornatus","J_ornatus","Max.   :1.01917211735838"
"49","J_ornatus","A_compressiceps","Min.   :-0.379552792866362"
"50","J_ornatus","A_compressiceps","1st Qu.:0.110985348689291"
"51","J_ornatus","A_compressiceps","Median :0.381893239442846"
"52","J_ornatus","A_compressiceps","Mean   :0.689045704122561"
"53","J_ornatus","A_compressiceps","3rd Qu.:1.08701886255437"
"54","J_ornatus","A_compressiceps","Max.   :2.73408921480736"
"55","J_ornatus","O_ventralis","Min.   :-2.10730713298256"
"56","J_ornatus","O_ventralis","1st Qu.:0.0504610945531455"
"57","J_ornatus","O_ventralis","Median :0.380934708157097"
"58","J_ornatus","O_ventralis","Mean   :0.42415794149738"
"59","J_ornatus","O_ventralis","3rd Qu.:0.907474000914292"
"60","J_ornatus","O_ventralis","Max.   :2.27305766546791"
"61","J_ornatus","P_microlepis","Min.   :-3.85139140194671"
"62","J_ornatus","P_microlepis","1st Qu.:-0.901101884490183"
"63","J_ornatus","P_microlepis","Median :-0.0671788664587246"
"64","J_ornatus","P_microlepis","Mean   :-0.266613105987611"
"65","J_ornatus","P_microlepis","3rd Qu.:0.197216433171609"
"66","J_ornatus","P_microlepis","Max.   :5.59700365868061"
"67","J_ornatus","P_polyodon","Min.   :-0.927397187110249"
"68","J_ornatus","P_polyodon","1st Qu.:-0.292659085038537"
"69","J_ornatus","P_polyodon","Median :0.342747199361015"
"70","J_ornatus","P_polyodon","Mean   :0.637349694444915"
"71","J_ornatus","P_polyodon","3rd Qu.:0.670855711999744"
"72","J_ornatus","P_polyodon","Max.   :7.45715894892928"
"73","J_ornatus","X_papilio","Min.   :-1.92744744874542"
"74","J_ornatus","X_papilio","1st Qu.:-0.627309930213759"
"75","J_ornatus","X_papilio","Median :-0.112507904925959"
"76","J_ornatus","X_papilio","Mean   :-0.0812807159818162"
"77","J_ornatus","X_papilio","3rd Qu.:0.332032347368376"
"78","J_ornatus","X_papilio","Max.   :2.89311652746182"
"79","N_fasciatus","N_fasciatus","Min.   :-0.907552575949791"
"80","N_fasciatus","N_fasciatus","1st Qu.:-0.156000572675501"
"81","N_fasciatus","N_fasciatus","Median :0.138688255652201"
"82","N_fasciatus","N_fasciatus","Mean   :0.0573346596633435"
"83","N_fasciatus","N_fasciatus","3rd Qu.:0.337449282364964"
"84","N_fasciatus","N_fasciatus","Max.   :0.617823331832559"
"85","N_fasciatus","A_compressiceps","Min.   :-0.291749192333922"
"86","N_fasciatus","A_compressiceps","1st Qu.:0.0317525302141168"
"87","N_fasciatus","A_compressiceps","Median :0.165466546844021"
"88","N_fasciatus","A_compressiceps","Mean   :0.14326132063532"
"89","N_fasciatus","A_compressiceps","3rd Qu.:0.279442452896764"
"90","N_fasciatus","A_compressiceps","Max.   :0.489222653351216"
"91","N_fasciatus","A_dewindti","Min.   :-1.11990031363902"
"92","N_fasciatus","A_dewindti","1st Qu.:-0.328237833085497"
"93","N_fasciatus","A_dewindti","Median :0.037907554776022"
"94","N_fasciatus","A_dewindti","Mean   :-0.122469042655162"
"95","N_fasciatus","A_dewindti","3rd Qu.:0.145007824780499"
"96","N_fasciatus","A_dewindti","Max.   :0.384384507354646"
"97","N_fasciatus","I_loocki","Min.   :-0.509446242430507"
"98","N_fasciatus","I_loocki","1st Qu.:-0.0482481825120696"
"99","N_fasciatus","I_loocki","Median :0.149928656610163"
"100","N_fasciatus","I_loocki","Mean   :0.130718077170738"
"101","N_fasciatus","I_loocki","3rd Qu.:0.319004063949682"
"102","N_fasciatus","I_loocki","Max.   :0.57610992211908"
"103","N_fasciatus","J_ornatus","Min.   :-0.85392521021053"
"104","N_fasciatus","J_ornatus","1st Qu.:0.0200174444429039"
"105","N_fasciatus","J_ornatus","Median :0.382505809892693"
"106","N_fasciatus","J_ornatus","Mean   :0.37197007896389"
"107","N_fasciatus","J_ornatus","3rd Qu.:0.697222375185184"
"108","N_fasciatus","J_ornatus","Max.   :1.60784851674701"
"109","N_fasciatus","L_callipterus","Min.   :-1.25498333266097"
"110","N_fasciatus","L_callipterus","1st Qu.:-0.289644337112294"
"111","N_fasciatus","L_callipterus","Median :0.0680729220742135"
"112","N_fasciatus","L_callipterus","Mean   :-0.066601124221864"
"113","N_fasciatus","L_callipterus","3rd Qu.:0.251037782661079"
"114","N_fasciatus","L_callipterus","Max.   :0.709616446235158"
"115","N_fasciatus","O_ventralis","Min.   :-0.72479612898516"
"116","N_fasciatus","O_ventralis","1st Qu.:-0.170765042968721"
"117","N_fasciatus","O_ventralis","Median :0.158267432329275"
"118","N_fasciatus","O_ventralis","Mean   :0.0891613157709359"
"119","N_fasciatus","O_ventralis","3rd Qu.:0.34900216209888"
"120","N_fasciatus","O_ventralis","Max.   :0.80164375198146"
"121","N_fasciatus","Paracyprichromisspp","Min.   :-0.832746419524305"
"122","N_fasciatus","Paracyprichromisspp","1st Qu.:-0.157848354359142"
"123","N_fasciatus","Paracyprichromisspp","Median :0.0113702704271827"
"124","N_fasciatus","Paracyprichromisspp","Mean   :0.0244359920869884"
"125","N_fasciatus","Paracyprichromisspp","3rd Qu.:0.294492841171461"
"126","N_fasciatus","Paracyprichromisspp","Max.   :0.534624675156701"
"127","N_fasciatus","P_microlepis","Min.   :-0.166336406238299"
"128","N_fasciatus","P_microlepis","1st Qu.:0.0912705555399024"
"129","N_fasciatus","P_microlepis","Median :0.238840416947734"
"130","N_fasciatus","P_microlepis","Mean   :0.311909525274544"
"131","N_fasciatus","P_microlepis","3rd Qu.:0.522142832822483"
"132","N_fasciatus","P_microlepis","Max.   :1.30902808712053"
"133","N_fasciatus","S_multipunctatus","Min.   :-1.36573765992055"
"134","N_fasciatus","S_multipunctatus","1st Qu.:-0.746227316596871"
"135","N_fasciatus","S_multipunctatus","Median :-0.646152805334693"
"136","N_fasciatus","S_multipunctatus","Mean   :-0.570070703074708"
"137","N_fasciatus","S_multipunctatus","3rd Qu.:-0.350507723653116"
"138","N_fasciatus","S_multipunctatus","Max.   :0.153036573004902"
"139","N_fasciatus","T_moorii","Min.   :-0.413220032233882"
"140","N_fasciatus","T_moorii","1st Qu.:0.0634057252036132"
"141","N_fasciatus","T_moorii","Median :0.219615875791333"
"142","N_fasciatus","T_moorii","Mean   :0.192844345485546"
"143","N_fasciatus","T_moorii","3rd Qu.:0.370039991714624"
"144","N_fasciatus","T_moorii","Max.   :0.595572847535101"
"145","O_ventralis","O_ventralis","Min.   :-0.172115824104193"
"146","O_ventralis","O_ventralis","1st Qu.:-0.0024160503299052"
"147","O_ventralis","O_ventralis","Median :0.0381537097560104"
"148","O_ventralis","O_ventralis","Mean   :0.0586669212997841"
"149","O_ventralis","O_ventralis","3rd Qu.:0.124527487153813"
"150","O_ventralis","O_ventralis","Max.   :0.305682496453608"
"151","O_ventralis","A_compressiceps","Min.   :-0.466613814590373"
"152","O_ventralis","A_compressiceps","1st Qu.:-0.231048813764289"
"153","O_ventralis","A_compressiceps","Median :-0.111486325091938"
"154","O_ventralis","A_compressiceps","Mean   :-0.0794577941152164"
"155","O_ventralis","A_compressiceps","3rd Qu.:0.0671668999661278"
"156","O_ventralis","A_compressiceps","Max.   :0.338388403957122"
"157","O_ventralis","A_dewindti","Min.   :-0.110985915298169"
"158","O_ventralis","A_dewindti","1st Qu.:0.0984712405921502"
"159","O_ventralis","A_dewindti","Median :0.215016302752813"
"160","O_ventralis","A_dewindti","Mean   :0.188925244326207"
"161","O_ventralis","A_dewindti","3rd Qu.:0.280090552801992"
"162","O_ventralis","A_dewindti","Max.   :0.384871745623967"
"163","O_ventralis","G_pfefferi","Min.   :0.134466411908487"
"164","O_ventralis","G_pfefferi","1st Qu.:0.387083517971255"
"165","O_ventralis","G_pfefferi","Median :0.449814836316876"
"166","O_ventralis","G_pfefferi","Mean   :0.547485625558434"
"167","O_ventralis","G_pfefferi","3rd Qu.:0.735715788132806"
"168","O_ventralis","G_pfefferi","Max.   :1.00362874992348"
"169","O_ventralis","I_loocki","Min.   :-0.808591612419095"
"170","O_ventralis","I_loocki","1st Qu.:-0.519308329402565"
"171","O_ventralis","I_loocki","Median :-0.370685605396738"
"172","O_ventralis","I_loocki","Mean   :-0.3675052680556"
"173","O_ventralis","I_loocki","3rd Qu.:-0.242291166846387"
"174","O_ventralis","I_loocki","Max.   :0.0194425523529722"
"175","O_ventralis","J_ornatus","Min.   :-0.536461124926721"
"176","O_ventralis","J_ornatus","1st Qu.:-0.0340236291007376"
"177","O_ventralis","J_ornatus","Median :0.122442601218033"
"178","O_ventralis","J_ornatus","Mean   :0.165042701225571"
"179","O_ventralis","J_ornatus","3rd Qu.:0.424401192181498"
"180","O_ventralis","J_ornatus","Max.   :0.738186712402996"
"181","O_ventralis","L_callipterus","Min.   :-0.644613051195102"
"182","O_ventralis","L_callipterus","1st Qu.:-0.353131039960181"
"183","O_ventralis","L_callipterus","Median :-0.207280193621857"
"184","O_ventralis","L_callipterus","Mean   :-0.204532000136849"
"185","O_ventralis","L_callipterus","3rd Qu.:-0.0891728537881774"
"186","O_ventralis","L_callipterus","Max.   :0.283339759390572"
"187","O_ventralis","N_fasciatus","Min.   :-1.02376520118412"
"188","O_ventralis","N_fasciatus","1st Qu.:-0.665140789434256"
"189","O_ventralis","N_fasciatus","Median :-0.297046715635262"
"190","O_ventralis","N_fasciatus","Mean   :-0.389484586722246"
"191","O_ventralis","N_fasciatus","3rd Qu.:-0.12971376545787"
"192","O_ventralis","N_fasciatus","Max.   :0.0880378095405108"
"193","O_ventralis","N_sexfasciatus","Min.   :-0.636225623341599"
"194","O_ventralis","N_sexfasciatus","1st Qu.:-0.329128202969539"
"195","O_ventralis","N_sexfasciatus","Median :-0.205321143202695"
"196","O_ventralis","N_sexfasciatus","Mean   :-0.214923481825776"
"197","O_ventralis","N_sexfasciatus","3rd Qu.:-0.0935004731934934"
"198","O_ventralis","N_sexfasciatus","Max.   :0.194839416131526"
"199","O_ventralis","P_microlepis","Min.   :-0.306830012297019"
"200","O_ventralis","P_microlepis","1st Qu.:-0.116799086880632"
"201","O_ventralis","P_microlepis","Median :-0.0532249326845765"
"202","O_ventralis","P_microlepis","Mean   :-0.0384419093385664"
"203","O_ventralis","P_microlepis","3rd Qu.:0.0554342332873073"
"204","O_ventralis","P_microlepis","Max.   :0.27009537509178"
"205","O_ventralis","P_trewavasae","Min.   :-0.178790535208828"
"206","O_ventralis","P_trewavasae","1st Qu.:0.00178068866827538"
"207","O_ventralis","P_trewavasae","Median :0.0776337934111465"
"208","O_ventralis","P_trewavasae","Mean   :0.0979444493643963"
"209","O_ventralis","P_trewavasae","3rd Qu.:0.193765384675085"
"210","O_ventralis","P_trewavasae","Max.   :0.445027602880889"
"211","O_ventralis","V_moorii","Min.   :-0.859411979012446"
"212","O_ventralis","V_moorii","1st Qu.:-0.639872493088889"
"213","O_ventralis","V_moorii","Median :-0.478604578974342"
"214","O_ventralis","V_moorii","Mean   :-0.499378541856024"
"215","O_ventralis","V_moorii","3rd Qu.:-0.36279341018574"
"216","O_ventralis","V_moorii","Max.   :-0.125668174693151"
"217","A_dewindti","A_dewindti","Min.   :0.0275643042335236"
"218","A_dewindti","A_dewindti","1st Qu.:0.109005677643813"
"219","A_dewindti","A_dewindti","Median :0.1498167773358"
"220","A_dewindti","A_dewindti","Mean   :0.152782307082081"
"221","A_dewindti","A_dewindti","3rd Qu.:0.176681945473534"
"222","A_dewindti","A_dewindti","Max.   :0.444362101782503"
"223","A_dewindti","I_loocki","Min.   :0.222856869207546"
"224","A_dewindti","I_loocki","1st Qu.:0.342532364389726"
"225","A_dewindti","I_loocki","Median :0.384805700955695"
"226","A_dewindti","I_loocki","Mean   :0.388083646814412"
"227","A_dewindti","I_loocki","3rd Qu.:0.418216822517705"
"228","A_dewindti","I_loocki","Max.   :0.785783514855504"
"229","A_dewindti","J_ornatus","Min.   :-0.445788684852123"
"230","A_dewindti","J_ornatus","1st Qu.:-0.0237535621749169"
"231","A_dewindti","J_ornatus","Median :0.104525038305232"
"232","A_dewindti","J_ornatus","Mean   :0.135610912239738"
"233","A_dewindti","J_ornatus","3rd Qu.:0.2758260688325"
"234","A_dewindti","J_ornatus","Max.   :0.817005546220115"
"235","A_dewindti","L_dardennii","Min.   :0.12444068043057"
"236","A_dewindti","L_dardennii","1st Qu.:0.233167573136205"
"237","A_dewindti","L_dardennii","Median :0.274892155803744"
"238","A_dewindti","L_dardennii","Mean   :0.264970945405536"
"239","A_dewindti","L_dardennii","3rd Qu.:0.321993664377914"
"240","A_dewindti","L_dardennii","Max.   :0.382140713240232"
"241","A_dewindti","N_fasciatus","Min.   :-0.225354717726018"
"242","A_dewindti","N_fasciatus","1st Qu.:-0.0376316022396293"
"243","A_dewindti","N_fasciatus","Median :0.0996884538954718"
"244","A_dewindti","N_fasciatus","Mean   :0.090911173658433"
"245","A_dewindti","N_fasciatus","3rd Qu.:0.218931722119406"
"246","A_dewindti","N_fasciatus","Max.   :0.35094374723104"
"247","A_dewindti","N_sexfasciatus","Min.   :-0.150746794123593"
"248","A_dewindti","N_sexfasciatus","1st Qu.:-0.112621003328704"
"249","A_dewindti","N_sexfasciatus","Median :-0.0586415942573988"
"250","A_dewindti","N_sexfasciatus","Mean   :-0.0276015266461782"
"251","A_dewindti","N_sexfasciatus","3rd Qu.:0.0221289524693051"
"252","A_dewindti","N_sexfasciatus","Max.   :0.29827607324246"
"253","A_dewindti","O_ventralis","Min.   :-0.574497464933944"
"254","A_dewindti","O_ventralis","1st Qu.:-0.386786911938369"
"255","A_dewindti","O_ventralis","Median :-0.331426399620382"
"256","A_dewindti","O_ventralis","Mean   :-0.333050365289247"
"257","A_dewindti","O_ventralis","3rd Qu.:-0.276769357157705"
"258","A_dewindti","O_ventralis","Max.   :-0.129337235154854"
"259","A_dewindti","P_microlepis","Min.   :-0.639669666807568"
"260","A_dewindti","P_microlepis","1st Qu.:-0.403336480662371"
"261","A_dewindti","P_microlepis","Median :-0.302859515666255"
"262","A_dewindti","P_microlepis","Mean   :-0.311682764245515"
"263","A_dewindti","P_microlepis","3rd Qu.:-0.219147883708423"
"264","A_dewindti","P_microlepis","Max.   :-0.0537154130323017"
"265","A_dewindti","P_trewavasae","Min.   :-0.0831610475979174"
"266","A_dewindti","P_trewavasae","1st Qu.:0.132253691508814"
"267","A_dewindti","P_trewavasae","Median :0.177548218250642"
"268","A_dewindti","P_trewavasae","Mean   :0.201218394327804"
"269","A_dewindti","P_trewavasae","3rd Qu.:0.256460407199144"
"270","A_dewindti","P_trewavasae","Max.   :0.47919801951345"
"271","A_dewindti","T_moorii","Min.   :-0.545179976644438"
"272","A_dewindti","T_moorii","1st Qu.:-0.460226935829036"
"273","A_dewindti","T_moorii","Median :-0.380823942993952"
"274","A_dewindti","T_moorii","Mean   :-0.374349614893978"
"275","A_dewindti","T_moorii","3rd Qu.:-0.31998030911166"
"276","A_dewindti","T_moorii","Max.   :0.0250547968220453"
"277","A_dewindti","V_moorii","Min.   :0.21093058646584"
"278","A_dewindti","V_moorii","1st Qu.:0.408845892383303"
"279","A_dewindti","V_moorii","Median :0.47958745324041"
"280","A_dewindti","V_moorii","Mean   :0.511201915461652"
"281","A_dewindti","V_moorii","3rd Qu.:0.623134581043403"
"282","A_dewindti","V_moorii","Max.   :0.902802372278107"
"283","A_dewindti","X_papilio","Min.   :-0.0138248868016846"
"284","A_dewindti","X_papilio","1st Qu.:0.142725000981686"
"285","A_dewindti","X_papilio","Median :0.202780524811532"
"286","A_dewindti","X_papilio","Mean   :0.214419584396129"
"287","A_dewindti","X_papilio","3rd Qu.:0.279375680149634"
"288","A_dewindti","X_papilio","Max.   :0.430894358387697"
"289","I_loocki","I_loocki","Min.   :0.234686133630384"
"290","I_loocki","I_loocki","1st Qu.:0.345553641437222"
"291","I_loocki","I_loocki","Median :0.48260810203174"
"292","I_loocki","I_loocki","Mean   :0.529956807177967"
"293","I_loocki","I_loocki","3rd Qu.:0.728785382645316"
"294","I_loocki","I_loocki","Max.   :0.901639939545311"
"295","I_loocki","A_dewindti","Min.   :-0.603405600685737"
"296","I_loocki","A_dewindti","1st Qu.:-0.323909586046512"
"297","I_loocki","A_dewindti","Median :-0.235789230358218"
"298","I_loocki","A_dewindti","Mean   :-0.234303362520065"
"299","I_loocki","A_dewindti","3rd Qu.:-0.146991548283008"
"300","I_loocki","A_dewindti","Max.   :0.0914477260150248"
"301","I_loocki","L_callipterus","Min.   :-0.762854345612185"
"302","I_loocki","L_callipterus","1st Qu.:-0.498179378694241"
"303","I_loocki","L_callipterus","Median :-0.334794250994527"
"304","I_loocki","L_callipterus","Mean   :-0.352082992314778"
"305","I_loocki","L_callipterus","3rd Qu.:-0.212320185763955"
"306","I_loocki","L_callipterus","Max.   :0.00966819572961737"
"307","I_loocki","L_tanganicanus","Min.   :-0.287578680697581"
"308","I_loocki","L_tanganicanus","1st Qu.:0.165122732492045"
"309","I_loocki","L_tanganicanus","Median :0.270590465084337"
"310","I_loocki","L_tanganicanus","Mean   :0.256730339854982"
"311","I_loocki","L_tanganicanus","3rd Qu.:0.399073377741473"
"312","I_loocki","L_tanganicanus","Max.   :0.751916223659232"
"313","I_loocki","N_fasciatus","Min.   :-0.515437691723038"
"314","I_loocki","N_fasciatus","1st Qu.:-0.308753185872813"
"315","I_loocki","N_fasciatus","Median :-0.218712938804733"
"316","I_loocki","N_fasciatus","Mean   :-0.217316398239324"
"317","I_loocki","N_fasciatus","3rd Qu.:-0.168243220447223"
"318","I_loocki","N_fasciatus","Max.   :0.132302986450378"
"319","I_loocki","O_ventralis","Min.   :-0.535303640059244"
"320","I_loocki","O_ventralis","1st Qu.:-0.345680799429718"
"321","I_loocki","O_ventralis","Median :-0.278240204917668"
"322","I_loocki","O_ventralis","Mean   :-0.220332286845033"
"323","I_loocki","O_ventralis","3rd Qu.:-0.0525622649772791"
"324","I_loocki","O_ventralis","Max.   :0.132872173583298"
"325","I_loocki","P_polyodon","Min.   :-0.515654644742332"
"326","I_loocki","P_polyodon","1st Qu.:-0.275456858033717"
"327","I_loocki","P_polyodon","Median :-0.145500315506178"
"328","I_loocki","P_polyodon","Mean   :-0.133196662022258"
"329","I_loocki","P_polyodon","3rd Qu.:-0.0264521699341331"
"330","I_loocki","P_polyodon","Max.   :0.305038742947455"
"331","I_loocki","T_moorii","Min.   :-0.410499859005915"
"332","I_loocki","T_moorii","1st Qu.:-0.201082245914323"
"333","I_loocki","T_moorii","Median :-0.112168979064966"
"334","I_loocki","T_moorii","Mean   :-0.0724615556080352"
"335","I_loocki","T_moorii","3rd Qu.:0.0692550368051566"
"336","I_loocki","T_moorii","Max.   :0.30295054083076"
"337","I_loocki","T_vittatus","Min.   :-0.754665518534475"
"338","I_loocki","T_vittatus","1st Qu.:-0.166836460139495"
"339","I_loocki","T_vittatus","Median :-0.013813404972272"
"340","I_loocki","T_vittatus","Mean   :-0.0101317983527971"
"341","I_loocki","T_vittatus","3rd Qu.:0.24621255734501"
"342","I_loocki","T_vittatus","Max.   :0.442648604222568"
"343","L_callipterus","L_callipterus","Min.   :-0.865467164413395"
"344","L_callipterus","L_callipterus","1st Qu.:0.102522582474371"
"345","L_callipterus","L_callipterus","Median :0.478700734697183"
"346","L_callipterus","L_callipterus","Mean   :0.481401585908322"
"347","L_callipterus","L_callipterus","3rd Qu.:0.806702125750348"
"348","L_callipterus","L_callipterus","Max.   :2.06127352512279"
"349","L_callipterus","A_dewindti","Min.   :-0.723548400719313"
"350","L_callipterus","A_dewindti","1st Qu.:-0.137105603144304"
"351","L_callipterus","A_dewindti","Median :0.0774480031022521"
"352","L_callipterus","A_dewindti","Mean   :0.229862506629113"
"353","L_callipterus","A_dewindti","3rd Qu.:0.460622363059922"
"354","L_callipterus","A_dewindti","Max.   :2.31509632627562"
"355","L_callipterus","J_ornatus","Min.   :-1.14185434674291"
"356","L_callipterus","J_ornatus","1st Qu.:-0.14347571735956"
"357","L_callipterus","J_ornatus","Median :0.241186723627355"
"358","L_callipterus","J_ornatus","Mean   :0.232523863234535"
"359","L_callipterus","J_ornatus","3rd Qu.:0.457835550569997"
"360","L_callipterus","J_ornatus","Max.   :1.60855503651614"
"361","L_callipterus","L_attenuatus","Min.   :-1.29328213216419"
"362","L_callipterus","L_attenuatus","1st Qu.:-0.0106208819236245"
"363","L_callipterus","L_attenuatus","Median :0.53891198033609"
"364","L_callipterus","L_attenuatus","Mean   :0.548962134162226"
"365","L_callipterus","L_attenuatus","3rd Qu.:0.940963791506125"
"366","L_callipterus","L_attenuatus","Max.   :2.40288217673534"
"367","L_callipterus","T_temporalis","Min.   :-2.1154867815338"
"368","L_callipterus","T_temporalis","1st Qu.:-0.378853755576309"
"369","L_callipterus","T_temporalis","Median :0.176261407585899"
"370","L_callipterus","T_temporalis","Mean   :0.00840624420556793"
"371","L_callipterus","T_temporalis","3rd Qu.:0.395035657020235"
"372","L_callipterus","T_temporalis","Max.   :0.969458344895536"
"373","L_lemairii","L_lemairii","Min.   :-2.88505752226475"
"374","L_lemairii","L_lemairii","1st Qu.:-0.0433932055387306"
"375","L_lemairii","L_lemairii","Median :0.48552768562032"
"376","L_lemairii","L_lemairii","Mean   :0.723424182003968"
"377","L_lemairii","L_lemairii","3rd Qu.:1.97705702757399"
"378","L_lemairii","L_lemairii","Max.   :2.98057846871901"
"379","L_lemairii","A_dewindti","Min.   :-7.20518542695341"
"380","L_lemairii","A_dewindti","1st Qu.:-0.577939934576033"
"381","L_lemairii","A_dewindti","Median :1.31385499047318"
"382","L_lemairii","A_dewindti","Mean   :1.63078611743657"
"383","L_lemairii","A_dewindti","3rd Qu.:3.43853496383436"
"384","L_lemairii","A_dewindti","Max.   :12.5942886506308"
"385","N_sexfasciatus","N_sexfasciatus","Min.   :0.0719438132586907"
"386","N_sexfasciatus","N_sexfasciatus","1st Qu.:0.4747794291864"
"387","N_sexfasciatus","N_sexfasciatus","Median :0.608056005416727"
"388","N_sexfasciatus","N_sexfasciatus","Mean   :0.579478214051905"
"389","N_sexfasciatus","N_sexfasciatus","3rd Qu.:0.730229758673003"
"390","N_sexfasciatus","N_sexfasciatus","Max.   :0.848097021186842"
"391","N_sexfasciatus","A_dewindti","Min.   :-0.171817494312742"
"392","N_sexfasciatus","A_dewindti","1st Qu.:0.0347731884440279"
"393","N_sexfasciatus","A_dewindti","Median :0.131695404485955"
"394","N_sexfasciatus","A_dewindti","Mean   :0.113263376019114"
"395","N_sexfasciatus","A_dewindti","3rd Qu.:0.195111981718946"
"396","N_sexfasciatus","A_dewindti","Max.   :0.56542638382316"
"397","N_sexfasciatus","G_pfefferi","Min.   :-0.474527508566286"
"398","N_sexfasciatus","G_pfefferi","1st Qu.:0.000638230498540879"
"399","N_sexfasciatus","G_pfefferi","Median :0.133322956711974"
"400","N_sexfasciatus","G_pfefferi","Mean   :0.0736604171868928"
"401","N_sexfasciatus","G_pfefferi","3rd Qu.:0.23633051221679"
"402","N_sexfasciatus","G_pfefferi","Max.   :0.422175702629018"
"403","N_sexfasciatus","J_ornatus","Min.   :-0.858761359054762"
"404","N_sexfasciatus","J_ornatus","1st Qu.:0.0137559746940798"
"405","N_sexfasciatus","J_ornatus","Median :0.166658229562495"
"406","N_sexfasciatus","J_ornatus","Mean   :0.112906224526071"
"407","N_sexfasciatus","J_ornatus","3rd Qu.:0.28407748874941"
"408","N_sexfasciatus","J_ornatus","Max.   :0.698113775867104"
"409","N_sexfasciatus","P_microlepis","Min.   :-1.11995371552949"
"410","N_sexfasciatus","P_microlepis","1st Qu.:-0.506667505044609"
"411","N_sexfasciatus","P_microlepis","Median :-0.36138406859223"
"412","N_sexfasciatus","P_microlepis","Mean   :-0.445025446721375"
"413","N_sexfasciatus","P_microlepis","3rd Qu.:-0.285208573830533"
"414","N_sexfasciatus","P_microlepis","Max.   :0.0768053855779201"
"415","N_sexfasciatus","S_multipunctatus","Min.   :-0.728997441474084"
"416","N_sexfasciatus","S_multipunctatus","1st Qu.:-0.289949095151577"
"417","N_sexfasciatus","S_multipunctatus","Median :-0.153741492323726"
"418","N_sexfasciatus","S_multipunctatus","Mean   :-0.210087367313496"
"419","N_sexfasciatus","S_multipunctatus","3rd Qu.:-0.0583220034874745"
"420","N_sexfasciatus","S_multipunctatus","Max.   :0.132527046430016"
"421","N_sexfasciatus","T_moorii","Min.   :0.00963022774635952"
"422","N_sexfasciatus","T_moorii","1st Qu.:0.174116846005305"
"423","N_sexfasciatus","T_moorii","Median :0.276359782905735"
"424","N_sexfasciatus","T_moorii","Mean   :0.304393239471857"
"425","N_sexfasciatus","T_moorii","3rd Qu.:0.419596483241283"
"426","N_sexfasciatus","T_moorii","Max.   :0.750367700390745"
"427","N_sexfasciatus","T_vittatus","Min.   :-0.888115845162779"
"428","N_sexfasciatus","T_vittatus","1st Qu.:-0.406772456009123"
"429","N_sexfasciatus","T_vittatus","Median :-0.155755149670501"
"430","N_sexfasciatus","T_vittatus","Mean   :-0.200777048192001"
"431","N_sexfasciatus","T_vittatus","3rd Qu.:0.0164955735985103"
"432","N_sexfasciatus","T_vittatus","Max.   :0.327620522939573"
"433","N_sexfasciatus","V_moorii","Min.   :-0.649991842713149"
"434","N_sexfasciatus","V_moorii","1st Qu.:-0.372551070693227"
"435","N_sexfasciatus","V_moorii","Median :-0.297550413422072"
"436","N_sexfasciatus","V_moorii","Mean   :-0.290567438283145"
"437","N_sexfasciatus","V_moorii","3rd Qu.:-0.186629917796166"
"438","N_sexfasciatus","V_moorii","Max.   :-0.0275205367089237"
"439","P_microlepis","P_microlepis","Min.   :-0.656734989847197"
"440","P_microlepis","P_microlepis","1st Qu.:0.121234657444596"
"441","P_microlepis","P_microlepis","Median :0.420190988849198"
"442","P_microlepis","P_microlepis","Mean   :0.434158211884164"
"443","P_microlepis","P_microlepis","3rd Qu.:0.724478937192511"
"444","P_microlepis","P_microlepis","Max.   :1.71836597014526"
"445","P_microlepis","A_dewindti","Min.   :-1.55826844050919"
"446","P_microlepis","A_dewindti","1st Qu.:-0.606809259104165"
"447","P_microlepis","A_dewindti","Median :-0.284267823877953"
"448","P_microlepis","A_dewindti","Mean   :-0.343697378804839"
"449","P_microlepis","A_dewindti","3rd Qu.:-0.126060912580755"
"450","P_microlepis","A_dewindti","Max.   :1.35476162384553"
"451","P_microlepis","G_pfefferi","Min.   :-1.33744027334622"
"452","P_microlepis","G_pfefferi","1st Qu.:-0.155739178344967"
"453","P_microlepis","G_pfefferi","Median :0.0501369466297423"
"454","P_microlepis","G_pfefferi","Mean   :0.0448018836960483"
"455","P_microlepis","G_pfefferi","3rd Qu.:0.32646887692995"
"456","P_microlepis","G_pfefferi","Max.   :1.41212184399964"
"457","P_microlepis","J_ornatus","Min.   :-1.63599609339041"
"458","P_microlepis","J_ornatus","1st Qu.:-0.513262773238488"
"459","P_microlepis","J_ornatus","Median :-0.0702499750367741"
"460","P_microlepis","J_ornatus","Mean   :-0.198017407937688"
"461","P_microlepis","J_ornatus","3rd Qu.:0.147157932417514"
"462","P_microlepis","J_ornatus","Max.   :1.0452336924214"
"463","P_microlepis","L_callipterus","Min.   :-2.03678050263057"
"464","P_microlepis","L_callipterus","1st Qu.:-0.714407851903003"
"465","P_microlepis","L_callipterus","Median :-0.324989548995961"
"466","P_microlepis","L_callipterus","Mean   :-0.391491591516999"
"467","P_microlepis","L_callipterus","3rd Qu.:0.0682311224853319"
"468","P_microlepis","L_callipterus","Max.   :0.653141674015278"
"469","P_microlepis","L_tanganicanus","Min.   :-1.66464293001362"
"470","P_microlepis","L_tanganicanus","1st Qu.:-0.239211144022089"
"471","P_microlepis","L_tanganicanus","Median :0.0127740448511151"
"472","P_microlepis","L_tanganicanus","Mean   :0.0569655380422486"
"473","P_microlepis","L_tanganicanus","3rd Qu.:0.507148297349224"
"474","P_microlepis","L_tanganicanus","Max.   :0.825516939913909"
"475","P_microlepis","N_fasciatus","Min.   :-0.610344003181227"
"476","P_microlepis","N_fasciatus","1st Qu.:-0.371438791294911"
"477","P_microlepis","N_fasciatus","Median :-0.0939804624031153"
"478","P_microlepis","N_fasciatus","Mean   :0.102852052061278"
"479","P_microlepis","N_fasciatus","3rd Qu.:0.466467312617957"
"480","P_microlepis","N_fasciatus","Max.   :1.86085256486914"
"481","P_microlepis","O_ventralis","Min.   :-0.209052334767534"
"482","P_microlepis","O_ventralis","1st Qu.:0.268756928612666"
"483","P_microlepis","O_ventralis","Median :0.566324253294532"
"484","P_microlepis","O_ventralis","Mean   :0.548623613702794"
"485","P_microlepis","O_ventralis","3rd Qu.:0.75032615013409"
"486","P_microlepis","O_ventralis","Max.   :1.49071018337315"
"487","P_microlepis","V_moorii","Min.   :-1.21727117492346"
"488","P_microlepis","V_moorii","1st Qu.:-0.612022912780813"
"489","P_microlepis","V_moorii","Median :-0.346328830048943"
"490","P_microlepis","V_moorii","Mean   :-0.3213644236512"
"491","P_microlepis","V_moorii","3rd Qu.:-0.0744518303040833"
"492","P_microlepis","V_moorii","Max.   :0.644222243378819"
"493","P_microlepis","X_papilio","Min.   :-0.5672365628268"
"494","P_microlepis","X_papilio","1st Qu.:-0.234840728090652"
"495","P_microlepis","X_papilio","Median :0.0271006946417914"
"496","P_microlepis","X_papilio","Mean   :-0.00151556165183705"
"497","P_microlepis","X_papilio","3rd Qu.:0.231555671570744"
"498","P_microlepis","X_papilio","Max.   :0.495926024645838"
"499","P_trewavasae","P_trewavasae","Min.   :-1.68585899687001"
"500","P_trewavasae","P_trewavasae","1st Qu.:-0.315590411962253"
"501","P_trewavasae","P_trewavasae","Median :0.363332517147666"
"502","P_trewavasae","P_trewavasae","Mean   :0.366134383117555"
"503","P_trewavasae","P_trewavasae","3rd Qu.:0.729606713481766"
"504","P_trewavasae","P_trewavasae","Max.   :3.8228697156471"
"505","P_trewavasae","A_dewindti","Min.   :-5.57175860257285"
"506","P_trewavasae","A_dewindti","1st Qu.:-1.97086950020797"
"507","P_trewavasae","A_dewindti","Median :-0.169759403805568"
"508","P_trewavasae","A_dewindti","Mean   :-0.632406934912629"
"509","P_trewavasae","A_dewindti","3rd Qu.:0.694982564433899"
"510","P_trewavasae","A_dewindti","Max.   :2.71643457366478"
"511","P_trewavasae","P_microlepis","Min.   :-3.02876882017926"
"512","P_trewavasae","P_microlepis","1st Qu.:-1.14676405755051"
"513","P_trewavasae","P_microlepis","Median :-0.20739982145381"
"514","P_trewavasae","P_microlepis","Mean   :-0.402625760347915"
"515","P_trewavasae","P_microlepis","3rd Qu.:0.443207160743643"
"516","P_trewavasae","P_microlepis","Max.   :1.44054107467448"
"517","T_vittatus","T_vittatus","Min.   :-1.72425710877696"
"518","T_vittatus","T_vittatus","1st Qu.:-0.702394992884165"
"519","T_vittatus","T_vittatus","Median :-0.537688973795514"
"520","T_vittatus","T_vittatus","Mean   :-0.548178825882319"
"521","T_vittatus","T_vittatus","3rd Qu.:-0.258209527266029"
"522","T_vittatus","T_vittatus","Max.   :0.0783591569710983"
"523","T_vittatus","A_dewindti","Min.   :-0.295373393424975"
"524","T_vittatus","A_dewindti","1st Qu.:0.0704962209285165"
"525","T_vittatus","A_dewindti","Median :0.188521605014338"
"526","T_vittatus","A_dewindti","Mean   :0.17659255249759"
"527","T_vittatus","A_dewindti","3rd Qu.:0.308159333371687"
"528","T_vittatus","A_dewindti","Max.   :0.498503646385447"
"529","T_vittatus","J_ornatus","Min.   :-0.532270593335131"
"530","T_vittatus","J_ornatus","1st Qu.:0.0219718142336324"
"531","T_vittatus","J_ornatus","Median :0.204452431958982"
"532","T_vittatus","J_ornatus","Mean   :0.268935866619779"
"533","T_vittatus","J_ornatus","3rd Qu.:0.485368850284095"
"534","T_vittatus","J_ornatus","Max.   :1.10612494988943"
"535","T_vittatus","L_dardennii","Min.   :-0.294099618648182"
"536","T_vittatus","L_dardennii","1st Qu.:-0.0914102029844874"
"537","T_vittatus","L_dardennii","Median :0.163003892774956"
"538","T_vittatus","L_dardennii","Mean   :0.0941126672904839"
"539","T_vittatus","L_dardennii","3rd Qu.:0.260950357296526"
"540","T_vittatus","L_dardennii","Max.   :0.452373428143783"
"541","T_vittatus","N_fasciatus","Min.   :-0.561235523495478"
"542","T_vittatus","N_fasciatus","1st Qu.:-0.1190656403694"
"543","T_vittatus","N_fasciatus","Median :0.0621936142291083"
"544","T_vittatus","N_fasciatus","Mean   :0.0300249570636321"
"545","T_vittatus","N_fasciatus","3rd Qu.:0.250181177407178"
"546","T_vittatus","N_fasciatus","Max.   :0.410097582192715"
"547","T_vittatus","N_sexfasciatus","Min.   :-0.678215118791378"
"548","T_vittatus","N_sexfasciatus","1st Qu.:-0.316449116428752"
"549","T_vittatus","N_sexfasciatus","Median :-0.151430152382673"
"550","T_vittatus","N_sexfasciatus","Mean   :-0.171531386687041"
"551","T_vittatus","N_sexfasciatus","3rd Qu.:-0.056955387114613"
"552","T_vittatus","N_sexfasciatus","Max.   :0.375816624849726"
"553","T_vittatus","S_multipunctatus","Min.   :-0.324176479946999"
"554","T_vittatus","S_multipunctatus","1st Qu.:-0.0296496484332061"
"555","T_vittatus","S_multipunctatus","Median :0.127390936536702"
"556","T_vittatus","S_multipunctatus","Mean   :0.114777609891917"
"557","T_vittatus","S_multipunctatus","3rd Qu.:0.256809018999139"
"558","T_vittatus","S_multipunctatus","Max.   :0.486611313625006"
"559","G_pfefferi","G_pfefferi","Min.   :-7.28777784808674"
"560","G_pfefferi","G_pfefferi","1st Qu.:-1.05732875030694"
"561","G_pfefferi","G_pfefferi","Median :0.148101966954743"
"562","G_pfefferi","G_pfefferi","Mean   :-0.0379871742183548"
"563","G_pfefferi","G_pfefferi","3rd Qu.:0.813145608621892"
"564","G_pfefferi","G_pfefferi","Max.   :4.27935271978859"
"565","L_dardennii","L_dardennii","Min.   :-3.55978769610253"
"566","L_dardennii","L_dardennii","1st Qu.:-0.490452683008323"
"567","L_dardennii","L_dardennii","Median :0.184260360268353"
"568","L_dardennii","L_dardennii","Mean   :0.302944239755628"
"569","L_dardennii","L_dardennii","3rd Qu.:0.876610682084097"
"570","L_dardennii","L_dardennii","Max.   :7.73343882939066"
"571","L_dardennii","G_pfefferi","Min.   :-5.22678865522426"
"572","L_dardennii","G_pfefferi","1st Qu.:-1.26649695401971"
"573","L_dardennii","G_pfefferi","Median :0.0829142863204501"
"574","L_dardennii","G_pfefferi","Mean   :-0.226901246358458"
"575","L_dardennii","G_pfefferi","3rd Qu.:0.821728521571112"
"576","L_dardennii","G_pfefferi","Max.   :5.04463540102745"
"577","L_dardennii","L_callipterus","Min.   :-5.66651021853534"
"578","L_dardennii","L_callipterus","1st Qu.:-0.673124841450298"
"579","L_dardennii","L_callipterus","Median :0.219436713732982"
"580","L_dardennii","L_callipterus","Mean   :0.160469694424645"
"581","L_dardennii","L_callipterus","3rd Qu.:0.698925674514434"
"582","L_dardennii","L_callipterus","Max.   :8.2980052739593"
"583","L_elongatus","L_elongatus","Min.   :-5.37933031004578"
"584","L_elongatus","L_elongatus","1st Qu.:-1.50180697821567"
"585","L_elongatus","L_elongatus","Median :-0.790967966185546"
"586","L_elongatus","L_elongatus","Mean   :-1.03261524740916"
"587","L_elongatus","L_elongatus","3rd Qu.:-0.101836533483606"
"588","L_elongatus","L_elongatus","Max.   :1.21564715928983"
"589","L_elongatus","G_pfefferi","Min.   :-1.08211568723947"
"590","L_elongatus","G_pfefferi","1st Qu.:0.135871236648067"
"591","L_elongatus","G_pfefferi","Median :0.779344732762885"
"592","L_elongatus","G_pfefferi","Mean   :1.1923172785906"
"593","L_elongatus","G_pfefferi","3rd Qu.:2.03121495503017"
"594","L_elongatus","G_pfefferi","Max.   :5.92039094148081"
"595","L_elongatus","T_moorii","Min.   :-1.02380728727552"
"596","L_elongatus","T_moorii","1st Qu.:-0.0117836456916868"
"597","L_elongatus","T_moorii","Median :0.792874516059287"
"598","L_elongatus","T_moorii","Mean   :0.832468525790013"
"599","L_elongatus","T_moorii","3rd Qu.:1.65118224516386"
"600","L_elongatus","T_moorii","Max.   :3.07069170128503"
"601","L_elongatus","V_moorii","Min.   :-2.53569439936242"
"602","L_elongatus","V_moorii","1st Qu.:-0.840587380377926"
"603","L_elongatus","V_moorii","Median :-0.139861495159609"
"604","L_elongatus","V_moorii","Mean   :-0.144660174419922"
"605","L_elongatus","V_moorii","3rd Qu.:0.485593941930479"
"606","L_elongatus","V_moorii","Max.   :3.79862784247976"
"607","L_elongatus","X_papilio","Min.   :-2.41850060169024"
"608","L_elongatus","X_papilio","1st Qu.:-0.576729480072965"
"609","L_elongatus","X_papilio","Median :0.114804281297341"
"610","L_elongatus","X_papilio","Mean   :0.111333168131392"
"611","L_elongatus","X_papilio","3rd Qu.:0.439165956927982"
"612","L_elongatus","X_papilio","Max.   :2.6837770656824"
"613","H_microlepis","H_microlepis","Min.   :0.303679284429895"
"614","H_microlepis","H_microlepis","1st Qu.:0.546449900464499"
"615","H_microlepis","H_microlepis","Median :0.547653939872183"
"616","H_microlepis","H_microlepis","Mean   :0.550379564655308"
"617","H_microlepis","H_microlepis","3rd Qu.:0.553936976510879"
"618","H_microlepis","H_microlepis","Max.   :0.716835976950039"
"619","Paracyprichromisspp","Paracyprichromisspp","Min.   :0.337997349528932"
"620","Paracyprichromisspp","Paracyprichromisspp","1st Qu.:0.624091902375481"
"621","Paracyprichromisspp","Paracyprichromisspp","Median :0.627637758141632"
"622","Paracyprichromisspp","Paracyprichromisspp","Mean   :0.627524040586074"
"623","Paracyprichromisspp","Paracyprichromisspp","3rd Qu.:0.637987334415626"
"624","Paracyprichromisspp","Paracyprichromisspp","Max.   :0.711206256564125"
"625","Paracyprichromisspp","H_microlepis","Min.   :-0.362661087574958"
"626","Paracyprichromisspp","H_microlepis","1st Qu.:-0.289160621420511"
"627","Paracyprichromisspp","H_microlepis","Median :-0.280968517221312"
"628","Paracyprichromisspp","H_microlepis","Mean   :-0.280134571414644"
"629","Paracyprichromisspp","H_microlepis","3rd Qu.:-0.277220715949113"
"630","Paracyprichromisspp","H_microlepis","Max.   :-0.0714862633526056"
"631","Paracyprichromisspp","L_lemairii","Min.   :-0.138261536137001"
"632","Paracyprichromisspp","L_lemairii","1st Qu.:-0.0952835647865503"
"633","Paracyprichromisspp","L_lemairii","Median :-0.0880355822922755"
"634","Paracyprichromisspp","L_lemairii","Mean   :-0.0879971867130742"
"635","Paracyprichromisspp","L_lemairii","3rd Qu.:-0.0842760631494427"
"636","Paracyprichromisspp","L_lemairii","Max.   :-0.0214902942807881"
"637","T_moorii","T_moorii","Min.   :0.224388007950833"
"638","T_moorii","T_moorii","1st Qu.:0.354323047679067"
"639","T_moorii","T_moorii","Median :0.397561644238647"
"640","T_moorii","T_moorii","Mean   :0.424011543746253"
"641","T_moorii","T_moorii","3rd Qu.:0.493133654384463"
"642","T_moorii","T_moorii","Max.   :0.663010684734671"
"643","T_moorii","I_loocki","Min.   :-0.618778235347742"
"644","T_moorii","I_loocki","1st Qu.:-0.416246719298531"
"645","T_moorii","I_loocki","Median :-0.235474911051021"
"646","T_moorii","I_loocki","Mean   :-0.250794186374856"
"647","T_moorii","I_loocki","3rd Qu.:-0.110798185518928"
"648","T_moorii","I_loocki","Max.   :0.143265567733663"
"649","T_moorii","J_ornatus","Min.   :-0.343108893100777"
"650","T_moorii","J_ornatus","1st Qu.:-0.0262045326147407"
"651","T_moorii","J_ornatus","Median :0.122815212832743"
"652","T_moorii","J_ornatus","Mean   :0.108630870299684"
"653","T_moorii","J_ornatus","3rd Qu.:0.174648941837756"
"654","T_moorii","J_ornatus","Max.   :0.950643617496662"
"655","T_moorii","L_callipterus","Min.   :-0.208448124607182"
"656","T_moorii","L_callipterus","1st Qu.:0.205824755036367"
"657","T_moorii","L_callipterus","Median :0.328722866679784"
"658","T_moorii","L_callipterus","Mean   :0.362742556643771"
"659","T_moorii","L_callipterus","3rd Qu.:0.479108386283451"
"660","T_moorii","L_callipterus","Max.   :0.923599903190076"
"661","T_moorii","L_labiatus","Min.   :-0.520745176953854"
"662","T_moorii","L_labiatus","1st Qu.:-0.358871649381317"
"663","T_moorii","L_labiatus","Median :-0.318501017857232"
"664","T_moorii","L_labiatus","Mean   :-0.297166178680029"
"665","T_moorii","L_labiatus","3rd Qu.:-0.247523439338166"
"666","T_moorii","L_labiatus","Max.   :-0.0445435223723013"
"667","T_moorii","L_tanganicanus","Min.   :-0.589971366439556"
"668","T_moorii","L_tanganicanus","1st Qu.:-0.41283968928455"
"669","T_moorii","L_tanganicanus","Median :-0.272984882257432"
"670","T_moorii","L_tanganicanus","Mean   :-0.299000824430621"
"671","T_moorii","L_tanganicanus","3rd Qu.:-0.22022705499372"
"672","T_moorii","L_tanganicanus","Max.   :0.0979386820356077"
"673","T_moorii","N_fasciatus","Min.   :-0.350005292446473"
"674","T_moorii","N_fasciatus","1st Qu.:-0.204607909188413"
"675","T_moorii","N_fasciatus","Median :-0.0853977370593267"
"676","T_moorii","N_fasciatus","Mean   :-0.0513568300163332"
"677","T_moorii","N_fasciatus","3rd Qu.:0.115905160635601"
"678","T_moorii","N_fasciatus","Max.   :0.343374166385018"
"679","T_moorii","N_sexfasciatus","Min.   :-0.305328663947532"
"680","T_moorii","N_sexfasciatus","1st Qu.:0.0443534721707806"
"681","T_moorii","N_sexfasciatus","Median :0.180832204304116"
"682","T_moorii","N_sexfasciatus","Mean   :0.154393754871714"
"683","T_moorii","N_sexfasciatus","3rd Qu.:0.288737400989179"
"684","T_moorii","N_sexfasciatus","Max.   :0.45228137676959"
"685","T_moorii","O_ventralis","Min.   :-0.186210883107368"
"686","T_moorii","O_ventralis","1st Qu.:-0.044812627685953"
"687","T_moorii","O_ventralis","Median :-0.00551898933096878"
"688","T_moorii","O_ventralis","Mean   :0.0177692327143596"
"689","T_moorii","O_ventralis","3rd Qu.:0.0866590687591561"
"690","T_moorii","O_ventralis","Max.   :0.274113731624704"
"691","T_moorii","Paracyprichromisspp","Min.   :-0.0831100621303751"
"692","T_moorii","Paracyprichromisspp","1st Qu.:0.251042305038676"
"693","T_moorii","Paracyprichromisspp","Median :0.376209964824036"
"694","T_moorii","Paracyprichromisspp","Mean   :0.380490323612914"
"695","T_moorii","Paracyprichromisspp","3rd Qu.:0.51065838311691"
"696","T_moorii","Paracyprichromisspp","Max.   :0.81960126079486"
"697","T_moorii","P_microlepis","Min.   :-0.337896142538957"
"698","T_moorii","P_microlepis","1st Qu.:-0.0397953726757752"
"699","T_moorii","P_microlepis","Median :0.0622714505414768"
"700","T_moorii","P_microlepis","Mean   :0.0726070951425198"
"701","T_moorii","P_microlepis","3rd Qu.:0.196172212418332"
"702","T_moorii","P_microlepis","Max.   :0.407128120632332"
"703","T_moorii","P_trewavasae","Min.   :-0.13076554986767"
"704","T_moorii","P_trewavasae","1st Qu.:0.0512203259564547"
"705","T_moorii","P_trewavasae","Median :0.1422187434595"
"706","T_moorii","P_trewavasae","Mean   :0.14074702000735"
"707","T_moorii","P_trewavasae","3rd Qu.:0.238210575600914"
"708","T_moorii","P_trewavasae","Max.   :0.394253654585396"
"709","T_moorii","T_vittatus","Min.   :-0.478264162092883"
"710","T_moorii","T_vittatus","1st Qu.:-0.00118488767007676"
"711","T_moorii","T_vittatus","Median :0.376419644921481"
"712","T_moorii","T_vittatus","Mean   :0.367578177248351"
"713","T_moorii","T_vittatus","3rd Qu.:0.756446090055922"
"714","T_moorii","T_vittatus","Max.   :1.00290802271997"
"715","T_moorii","X_papilio","Min.   :-0.344605886326446"
"716","T_moorii","X_papilio","1st Qu.:-0.176834842075213"
"717","T_moorii","X_papilio","Median :-0.0645101223700467"
"718","T_moorii","X_papilio","Mean   :-0.0821440924701539"
"719","T_moorii","X_papilio","3rd Qu.:0.0110049520638796"
"720","T_moorii","X_papilio","Max.   :0.238087472287385"
"721","L_attenuatus","L_attenuatus","Min.   :-1.19413907009544"
"722","L_attenuatus","L_attenuatus","1st Qu.:-0.135991859598144"
"723","L_attenuatus","L_attenuatus","Median :0.174735571988259"
"724","L_attenuatus","L_attenuatus","Mean   :0.486874678951034"
"725","L_attenuatus","L_attenuatus","3rd Qu.:1.24689209595437"
"726","L_attenuatus","L_attenuatus","Max.   :2.47464677131304"
"727","L_attenuatus","P_trewavasae","Min.   :-0.435344987376664"
"728","L_attenuatus","P_trewavasae","1st Qu.:-0.0279077049540517"
"729","L_attenuatus","P_trewavasae","Median :0.212121135750289"
"730","L_attenuatus","P_trewavasae","Mean   :0.291223955492082"
"731","L_attenuatus","P_trewavasae","3rd Qu.:0.584380456153817"
"732","L_attenuatus","P_trewavasae","Max.   :1.35096190080273"
"733","L_labiatus","L_labiatus","Min.   :-4.70666499925703"
"734","L_labiatus","L_labiatus","1st Qu.:-1.7008619258344"
"735","L_labiatus","L_labiatus","Median :0.317358100312633"
"736","L_labiatus","L_labiatus","Mean   :-0.36654463833833"
"737","L_labiatus","L_labiatus","3rd Qu.:1.115671465127"
"738","L_labiatus","L_labiatus","Max.   :2.48536931162459"
"739","L_labiatus","L_attenuatus","Min.   :-6.15878730308981"
"740","L_labiatus","L_attenuatus","1st Qu.:-1.19632377551992"
"741","L_labiatus","L_attenuatus","Median :0.338741673767384"
"742","L_labiatus","L_attenuatus","Mean   :0.22706261578283"
"743","L_labiatus","L_attenuatus","3rd Qu.:2.18111688053484"
"744","L_labiatus","L_attenuatus","Max.   :10.2657321124249"
"745","L_tanganicanus","L_tanganicanus","Min.   :-1.01435893820734"
"746","L_tanganicanus","L_tanganicanus","1st Qu.:-0.821863654743327"
"747","L_tanganicanus","L_tanganicanus","Median :-0.706287875505053"
"748","L_tanganicanus","L_tanganicanus","Mean   :-0.686243032301267"
"749","L_tanganicanus","L_tanganicanus","3rd Qu.:-0.579064956799849"
"750","L_tanganicanus","L_tanganicanus","Max.   :-0.292195941495917"
"751","L_tanganicanus","L_attenuatus","Min.   :-0.0233981556177138"
"752","L_tanganicanus","L_attenuatus","1st Qu.:0.999865297417929"
"753","L_tanganicanus","L_attenuatus","Median :1.49155199275647"
"754","L_tanganicanus","L_attenuatus","Mean   :1.31350850934457"
"755","L_tanganicanus","L_attenuatus","3rd Qu.:1.68068445965801"
"756","L_tanganicanus","L_attenuatus","Max.   :1.97816055959034"
"757","L_tanganicanus","L_callipterus","Min.   :-0.297113508063695"
"758","L_tanganicanus","L_callipterus","1st Qu.:-0.102079268893728"
"759","L_tanganicanus","L_callipterus","Median :0.0921921257590971"
"760","L_tanganicanus","L_callipterus","Mean   :0.115929251719108"
"761","L_tanganicanus","L_callipterus","3rd Qu.:0.278774111981154"
"762","L_tanganicanus","L_callipterus","Max.   :0.7880091362865"
"763","L_tanganicanus","L_dardennii","Min.   :-0.389438570574203"
"764","L_tanganicanus","L_dardennii","1st Qu.:-0.187016133551461"
"765","L_tanganicanus","L_dardennii","Median :-0.0393832209179097"
"766","L_tanganicanus","L_dardennii","Mean   :-0.0427908575601942"
"767","L_tanganicanus","L_dardennii","3rd Qu.:0.113606168681424"
"768","L_tanganicanus","L_dardennii","Max.   :0.331172450845125"
"769","X_papilio","X_papilio","Min.   :-1.36094824255213"
"770","X_papilio","X_papilio","1st Qu.:-0.476624468379235"
"771","X_papilio","X_papilio","Median :-0.111382060490792"
"772","X_papilio","X_papilio","Mean   :-0.0574303832962728"
"773","X_papilio","X_papilio","3rd Qu.:0.253716705006498"
"774","X_papilio","X_papilio","Max.   :1.45332196863269"
"775","X_papilio","L_attenuatus","Min.   :-1.03979636335475"
"776","X_papilio","L_attenuatus","1st Qu.:0.988579056676396"
"777","X_papilio","L_attenuatus","Median :1.5921427147683"
"778","X_papilio","L_attenuatus","Mean   :1.57778152422516"
"779","X_papilio","L_attenuatus","3rd Qu.:1.92942204848583"
"780","X_papilio","L_attenuatus","Max.   :4.25160674547729"
"781","X_papilio","L_callipterus","Min.   :-2.85907321769447"
"782","X_papilio","L_callipterus","1st Qu.:-1.04720334221485"
"783","X_papilio","L_callipterus","Median :-0.382137612122322"
"784","X_papilio","L_callipterus","Mean   :-0.531312940327385"
"785","X_papilio","L_callipterus","3rd Qu.:-0.0347675079442698"
"786","X_papilio","L_callipterus","Max.   :0.943806561543228"
"787","X_papilio","N_fasciatus","Min.   :-1.64728748821273"
"788","X_papilio","N_fasciatus","1st Qu.:-0.602297018909258"
"789","X_papilio","N_fasciatus","Median :0.223206632589177"
"790","X_papilio","N_fasciatus","Mean   :-0.0217183502436479"
"791","X_papilio","N_fasciatus","3rd Qu.:0.754945320939019"
"792","X_papilio","N_fasciatus","Max.   :1.42928114926836"
"793","X_papilio","T_moorii","Min.   :-1.10408501883914"
"794","X_papilio","T_moorii","1st Qu.:-0.53971927825675"
"795","X_papilio","T_moorii","Median :-0.0403963294361207"
"796","X_papilio","T_moorii","Mean   :-0.106052544033418"
"797","X_papilio","T_moorii","3rd Qu.:0.24922929291845"
"798","X_papilio","T_moorii","Max.   :0.899448485841594"
"799","X_papilio","T_vittatus","Min.   :-2.19764359742871"
"800","X_papilio","T_vittatus","1st Qu.:-0.745627707597484"
"801","X_papilio","T_vittatus","Median :-0.497826457311535"
"802","X_papilio","T_vittatus","Mean   :-0.401261270079978"
"803","X_papilio","T_vittatus","3rd Qu.:-0.148931398321419"
"804","X_papilio","T_vittatus","Max.   :1.23672733147157"
"805","X_papilio","V_moorii","Min.   :-0.500055060807414"
"806","X_papilio","V_moorii","1st Qu.:-0.0744318334503867"
"807","X_papilio","V_moorii","Median :0.111955684630998"
"808","X_papilio","V_moorii","Mean   :0.166263419550921"
"809","X_papilio","V_moorii","3rd Qu.:0.412096378057424"
"810","X_papilio","V_moorii","Max.   :1.08718792291388"
"811","V_moorii","V_moorii","Min.   :-3.09310760725845"
"812","V_moorii","V_moorii","1st Qu.:-0.217134533196525"
"813","V_moorii","V_moorii","Median :0.247851179361407"
"814","V_moorii","V_moorii","Mean   :0.0865064352122238"
"815","V_moorii","V_moorii","3rd Qu.:0.544844245991162"
"816","V_moorii","V_moorii","Max.   :2.00551096526591"
"817","V_moorii","L_dardennii","Min.   :-2.47276631368036"
"818","V_moorii","L_dardennii","1st Qu.:-1.13549616157754"
"819","V_moorii","L_dardennii","Median :-0.67928425016178"
"820","V_moorii","L_dardennii","Mean   :-0.630516580920441"
"821","V_moorii","L_dardennii","3rd Qu.:0.131077189386069"
"822","V_moorii","L_dardennii","Max.   :0.737153200422789"
"823","V_moorii","L_elongatus","Min.   :-2.55649684644273"
"824","V_moorii","L_elongatus","1st Qu.:-0.817944098668502"
"825","V_moorii","L_elongatus","Median :-0.205948292765918"
"826","V_moorii","L_elongatus","Mean   :-0.32605525801723"
"827","V_moorii","L_elongatus","3rd Qu.:0.207568294522645"
"828","V_moorii","L_elongatus","Max.   :1.48776363422976"
"829","V_moorii","O_ventralis","Min.   :-2.72000752177365"
"830","V_moorii","O_ventralis","1st Qu.:-0.633932761800272"
"831","V_moorii","O_ventralis","Median :0.0582530607324932"
"832","V_moorii","O_ventralis","Mean   :-0.212048812037302"
"833","V_moorii","O_ventralis","3rd Qu.:0.487804243660318"
"834","V_moorii","O_ventralis","Max.   :1.97633943602775"
"835","V_moorii","T_moorii","Min.   :-1.98499520807762"
"836","V_moorii","T_moorii","1st Qu.:-0.621746122360095"
"837","V_moorii","T_moorii","Median :0.14960400490572"
"838","V_moorii","T_moorii","Mean   :-0.00337542872466115"
"839","V_moorii","T_moorii","3rd Qu.:0.574572980771519"
"840","V_moorii","T_moorii","Max.   :1.23102132185822"
"841","T_temporalis","T_temporalis","Min.   :-4.39161354927968"
"842","T_temporalis","T_temporalis","1st Qu.:-1.41638269402927"
"843","T_temporalis","T_temporalis","Median :-0.229098367327203"
"844","T_temporalis","T_temporalis","Mean   :-0.523677393986172"
"845","T_temporalis","T_temporalis","3rd Qu.:0.78697194620517"
"846","T_temporalis","T_temporalis","Max.   :3.04815856925779"
"847","T_temporalis","L_elongatus","Min.   :-4.79022697364683"
"848","T_temporalis","L_elongatus","1st Qu.:-1.62536067783776"
"849","T_temporalis","L_elongatus","Median :-0.198541745596502"
"850","T_temporalis","L_elongatus","Mean   :-0.307952744441276"
"851","T_temporalis","L_elongatus","3rd Qu.:0.564068546795838"
"852","T_temporalis","L_elongatus","Max.   :5.8330654283102"
"853","P_polyodon","P_polyodon","Min.   :-0.775945482363015"
"854","P_polyodon","P_polyodon","1st Qu.:-0.263202901024649"
"855","P_polyodon","P_polyodon","Median :0.0887712354783023"
"856","P_polyodon","P_polyodon","Mean   :0.0096211840404"
"857","P_polyodon","P_polyodon","3rd Qu.:0.281911840883971"
"858","P_polyodon","P_polyodon","Max.   :0.592914933683813"
"859","P_polyodon","L_tanganicanus","Min.   :-2.55381449913518"
"860","P_polyodon","L_tanganicanus","1st Qu.:-0.22987583616548"
"861","P_polyodon","L_tanganicanus","Median :-0.014788556167177"
"862","P_polyodon","L_tanganicanus","Mean   :0.22043203878482"
"863","P_polyodon","L_tanganicanus","3rd Qu.:0.797646627952764"
"864","P_polyodon","L_tanganicanus","Max.   :2.78122042078144"
"865","P_polyodon","T_vittatus","Min.   :-1.40379498236495"
"866","P_polyodon","T_vittatus","1st Qu.:-0.255905938159534"
"867","P_polyodon","T_vittatus","Median :-0.0775997619962096"
"868","P_polyodon","T_vittatus","Mean   :0.00628679165433175"
"869","P_polyodon","T_vittatus","3rd Qu.:0.446985942270488"
"870","P_polyodon","T_vittatus","Max.   :1.08003632103336"
"871","P_polyodon","V_moorii","Min.   :-0.647773743326423"
"872","P_polyodon","V_moorii","1st Qu.:-0.151218721506853"
"873","P_polyodon","V_moorii","Median :0.0166809412052918"
"874","P_polyodon","V_moorii","Mean   :-0.0111658839537175"
"875","P_polyodon","V_moorii","3rd Qu.:0.161170944471994"
"876","P_polyodon","V_moorii","Max.   :0.472931083523505"
"877","S_multipunctatus","S_multipunctatus","Min.   :-1.11150398481293"
"878","S_multipunctatus","S_multipunctatus","1st Qu.:-0.521324938076711"
"879","S_multipunctatus","S_multipunctatus","Median :-0.159062459230838"
"880","S_multipunctatus","S_multipunctatus","Mean   :-0.0157356533959357"
"881","S_multipunctatus","S_multipunctatus","3rd Qu.:0.278069133072354"
"882","S_multipunctatus","S_multipunctatus","Max.   :1.90554875587525"
"883","S_multipunctatus","N_fasciatus","Min.   :-1.96245301725722"
"884","S_multipunctatus","N_fasciatus","1st Qu.:-0.984930964937475"
"885","S_multipunctatus","N_fasciatus","Median :-0.273925145115156"
"886","S_multipunctatus","N_fasciatus","Mean   :-0.382938551174847"
"887","S_multipunctatus","N_fasciatus","3rd Qu.:0.153339444484974"
"888","S_multipunctatus","N_fasciatus","Max.   :1.10190630818584"
"889","S_multipunctatus","N_sexfasciatus","Min.   :-0.783264320934657"
"890","S_multipunctatus","N_sexfasciatus","1st Qu.:0.154347194733374"
"891","S_multipunctatus","N_sexfasciatus","Median :0.609873336586647"
"892","S_multipunctatus","N_sexfasciatus","Mean   :0.585616524032486"
"893","S_multipunctatus","N_sexfasciatus","3rd Qu.:1.06025400183091"
"894","S_multipunctatus","N_sexfasciatus","Max.   :2.0569241495151"
"895","S_multipunctatus","T_vittatus","Min.   :-3.6817358017805"
"896","S_multipunctatus","T_vittatus","1st Qu.:-0.757243429936108"
"897","S_multipunctatus","T_vittatus","Median :-0.144511376786283"
"898","S_multipunctatus","T_vittatus","Mean   :-0.325893693247719"
"899","S_multipunctatus","T_vittatus","3rd Qu.:0.126053386041481"
"900","S_multipunctatus","T_vittatus","Max.   :2.28366592730366"
"901","S_multipunctatus","X_papilio","Min.   :-0.86547610082958"
"902","S_multipunctatus","X_papilio","1st Qu.:-0.0684928992303658"
"903","S_multipunctatus","X_papilio","Median :0.174426439370813"
"904","S_multipunctatus","X_papilio","Mean   :0.229396605270603"
"905","S_multipunctatus","X_papilio","3rd Qu.:0.559541844688566"
"906","S_multipunctatus","X_papilio","Max.   :1.30923504324874"
